id,title,date,link,content,type,createdAt,updatedAt
1,,,,,,2026-09-12T05:40:30.897Z,2026-09-12T05:40:30.897Z
2,Inviting Tender for Multifunction Laser Printer and High-Speed Document Scanner,2026-09-03,https://www.cemkolaghat.in/cemk_notice_detail.php?id=QVhuV0RpNk9UQ2xVbXozbU9LOG9FUT09,"Published by: Dept of Central Administration
Date of Publish: 2026-09-03",news,2026-09-12T05:45:26.726Z,2026-09-12T05:45:26.726Z
3,Notice for Admission in B.Tech through (WBJEE Counselling) - 2026,2026-07-07,https://www.cemkolaghat.in/cemk_notice_detail.php?id=VndYN0N3VDRDZTd1N2JPV2lNODdVdz09,"Published by: Dept of Central Administration
Date of Publish: 2026-07-07",news,2026-09-12T05:45:26.727Z,2026-09-12T05:45:26.727Z
4,Inauguration of CEMK Astronomy Club & National Space Day Celebration,21 August 2026,https://cemkolaghat.in/upload/events/Report_Inauguration_Astronomy.pdf,"Report of the


INAUGURATION OF THE CEMK ASTRONOMY CLUB AND NATIONAL SPACE DAY CELEBRATION

Date: 21 August 2026
Venue: J.K.Das Hall (CEMK)
Chief Guest: Dr. Narayan Banerjee, Emeritus Professor, Indian Institute of
Engineering Science and Technology (IIEST), Shibpur


The College of Engineering and Management, Kolaghat (CEMK) opened its new
Astronomy Club on August 21, 2026. The college launched the club during its
National Space Day event. This celebration helped students get excited about
science and space travel.

Famous physicist Dr. Narayan Banerjee was the Chief Guest. He is an Emeritus
Professor at IIEST. In his speech, Dr. Banerjee talked about great careers in
space research. He said student clubs are important for training future
scientists. He then officially declared the CEMK Astronomy Club open.

Astronomy [https://cemkolaghat.in/upload/events/astro2682.png]
Astronomy [https://cemkolaghat.in/upload/events/astro2681.png]

Click here to view the complete report
[https://cemkolaghat.in/upload/events/Report_Inauguration_Astronomy.pdf]",event,2026-09-12T05:45:26.727Z,2026-09-12T05:45:26.727Z
5,Report on SIH 2026,12 August 2026,https://cemkolaghat.in/upload/events/Report_SmartIndiaHackathon2026.pdf,"Report of the


SIH 2026

Date: 12 August 2026
Chief Guest: Technical Activities Committee (TAC) In collaboration with
Intitutions' Innovation Council (IIC)


Subject: A comprehensive technical report on Team Formation, Internal
Evaluation, and Team Selection for Smart India Hackathon (SIH) 2026, detailing
the structure, participation, evaluation process, and problem statements of the
event.

Executive Summary: The Technical Activities Committee (TAC), in association with
the Institution's Innovation Council (IIC), CEMK, conducted the Team Formation,
Internal Evaluation, and Team Selection process for Smart India Hackathon (SIH)
2026. This report documents the registration of student teams, the composition
of the internal evaluation panels, the teams shortlisted for the next round, and
the complete set of problem statements available for selection.

Astronomy [https://cemkolaghat.in/upload/events/sih261.png]
Astronomy [https://cemkolaghat.in/upload/events/sih262.png]

Click here to view the complete report
[https://cemkolaghat.in/upload/events/Report_SmartIndiaHackathon2026.pdf]",event,2026-09-12T05:45:26.728Z,2026-09-12T05:45:26.728Z
6,Strengthening Scientific Research and Innovation in HEIs,31 July 2026,https://cemkolaghat.in/upload/events/Report_MIC_activity26.pdf,"Report of MIC activity


STRENGTHENING SCIENTIFIC RESEARCH AND INNOVATION IN HEIS: ANRF SCHEMES AND
OPPORTUNITIES

Date: 31 July 2026
Mode: Online Streaming
Venue: TPO Conference Room
Organized/Promoted by: Ministry of Education’s Innovation Cell (MIC) under the
Institution’s Innovation Council (IIC)
Speaker: Dr. Shivkumar Kalyanaraman, Chief Executive Officer (CEO), Anusandhan
National Research Foundation (ANRF)
Audience: Members of IIC of CEMK


An online session titled ""Strengthening Scientific Research and Innovation in
HEIs: ANRF Schemes and Opportunities"" was streamed on 31 July 2026 as part of
the MIC–IIC initiative. The IIC members from our institution attended the
session through online streaming at the TPO Conference Room.

Film Photography [https://cemkolaghat.in/upload/events/hei_anrf261.png]
Film Photography [https://cemkolaghat.in/upload/events/hei_anrf262.png]

Click here to view the complete report
[https://cemkolaghat.in/upload/events/Report_MIC_activity26.pdf]",event,2026-09-12T05:45:26.729Z,2026-09-12T05:45:26.729Z
7,Report on Business Plan Competition,"27 May, 2026",https://cemkolaghat.in/upload/events/Report_Business_Plan_Competetion_26.pdf,"Report on


BUSINESS PLAN COMPETITION ORGANIZED BY IIC

College of Engineering and Management, Kolaghat
Date: 27 May, 2026

Introduction:
To nurture entrepreneurial thinking among students, the Institution’s Innovation
Council organized a Business Plan Competition during April–May 2026. The
competition was conducted in two stages. In the first stage, students submitted
the synopsis of their business plans, outlining the problem they intended to
solve, the uniqueness of their solution, market potential, and implementation
strategy. The shortlisted teams then advanced to the final round held on 27th
May 2026, 2:00 PM in the TPO Conference Room where they presented and
demonstrated their business models before an expert jury.

Film Photography [https://cemkolaghat.in/upload/events/bp261.png]
Film Photography [https://cemkolaghat.in/upload/events/bp262.png]

Click here to view the complete report
[https://cemkolaghat.in/upload/events/Report_Business_Plan_Competetion_26.pdf]",event,2026-09-12T05:45:26.730Z,2026-09-12T05:45:26.730Z
8,Technical Report on CODING COMPETITION 2026,17th June 2026,https://cemkolaghat.in/upload/events/C_Coding_Competition_2K26_Report.pdf,"Official Event Report


CODING COMPETITION 2026

Annual Coding Competition

C Programming — MCQ Round | Implementation Round
Total Registered Participants: 118 | Labs Utilized: 6
Date: 17th June 2026
Organised by: Technical Activities Committee (TAC)
College of Engineering and Management, Kolaghat
Subject: A comprehensive technical report on the Intra-College Coding
Competition organized by all the departments of the college, detailing the event
structure participating teams, judging process, and final results.
Report Prepared by: Prof. Soumitra De (Convener, Technical Activities)
Co. Managed by: Subhrangsu Das (CSE/23/115)
Date: June, 2026

Introduction:
The C Coding Competition 2K26 was organised by the Technical Activities
Committee (TAC) of the College of Engineering and Management, Kolaghat (CEMK) as
the concluding flagship technical event of the 2025–26 academic year. The
competition was designed to test students’ proficiency and problem-solving
ability in the C programming language, spanning both conceptual knowledge and
practical implementation.

Film Photography [https://cemkolaghat.in/upload/events/coding261.png]
Film Photography [https://cemkolaghat.in/upload/events/coding262.png]

Click here to view the complete report
[https://cemkolaghat.in/upload/events/C_Coding_Competition_2K26_Report.pdf]",event,2026-09-12T05:45:26.731Z,2026-09-12T05:45:26.731Z
9,Technical Report on ROBOTICS 2K26,"June, 2026",https://cemkolaghat.in/upload/events/Robotics_2K26_Events_Report1.pdf,"Official Event Report


ROBOTICS 2K26

Annual Robotics Competition

College of Engineering & Management, Kolaghat (CEMK)
Subject: A comprehensive technical report on the Intra-College Robotics
Competition organized by all the departments of the college, detailing the event
structure, participating teams, judging process, and final results.
Report Prepared by: Prof. Soumitra De (Convener, Technical Activities)
Co. Managed by: Subhrangsu Das (CSE/23/115)
Date: June, 2026

Introduction:
Robotics 2K26 brought together student teams from across departments to design,
build, and operate autonomous and remote-controlled robots in three competitive
formats: Line Follower, Robo Race, and Robo War. The event aimed to encourage
hands-on engineering skills, teamwork, and innovation in embedded systems and
robotics.

Film Photography [https://cemkolaghat.in/upload/events/robo261.png]
Film Photography [https://cemkolaghat.in/upload/events/robo262.png]

Click here to view the complete report
[https://cemkolaghat.in/upload/events/Robotics_2K26_Events_Report1.pdf]",event,2026-09-12T05:45:26.731Z,2026-09-12T05:45:26.731Z
10,Report on IIC Activity: National Technology Day,19-05-2026,https://cemkolaghat.in/upload/events/IIC_Report_NationalTechnologyDay.pdf,"IIC CELEBRATION ACTIVITY

Activity Name: TechTalks: Emerging Technology PPT Showcase
Date: 19-05-2026
Time: 9:00 am to 5:00 pm
Venue: W 202 and W305 of CEMK
Level of activity: 2
Audience / Participants: Students, Faculty and Staff members of CEMK
Mode: Offline
Total Participants: 42

Objective of the event: The objective of the event was to celebrate National
Technology Day by creating awareness among undergraduate engineering students
about emerging and innovative technologies. The activity aimed to encourage
students to explore recent technological advancements and present their ideas
effectively through PowerPoint presentations. It also intended to enhance
students’ technical knowledge, communication skills, creativity, and confidence
while promoting a culture of innovation and learning under the Institution’s
Innovation Council (IIC).

IIC Event [https://cemkolaghat.in/upload/events/iic_acvity26_51.png]
IIC Event [https://cemkolaghat.in/upload/events/iic_acvity26_52.png]

Click here to view the complete report
[https://cemkolaghat.in/upload/events/IIC_Report_NationalTechnologyDay.pdf]",event,2026-09-12T05:45:26.732Z,2026-09-12T05:45:26.732Z
11,Technical Report on Short Film Competition & Photography Competition,"March 28, 2026",https://cemkolaghat.in/upload/events/Report_ShortFilm_Photography1.pdf,"Report on


SHORT FILM COMPETITION & PHOTOGRAPHY COMPETITION

College of Engineering & Management, Kolaghat (CEMK)
Subject: A comprehensive technical report on the Intra-College Short Film
Competition and Photography Competition, held in March 2026, detailing the
structure, participant information, judging process, and final results of both
events.
Report Prepared by: Prof. Soumitra De (Convener, Technical Activities)
Co. Managed by: Subhrangsu Das (CSE/23/115)
Date: March 28, 2026

1.0 Executive Summary:
This report documents the successful execution of two major creative events —
the Intra-College Short Film Competition and the Photography Competition —
organized by the Department of Computer Science and Engineering at the College
of Engineering and Management, Kolaghat. Both events were conducted in March
2026 and were designed to nurture visual storytelling, artistic vision, and
technical creativity among students across all departments.

Film Photography [https://cemkolaghat.in/upload/events/film_photo261.png]
Film Photography [https://cemkolaghat.in/upload/events/film_photo262.png]

Click here to view the complete report
[https://cemkolaghat.in/upload/events/Report_ShortFilm_Photography1.pdf]",event,2026-09-12T05:45:26.737Z,2026-09-12T05:45:26.737Z
12,Technical Report on Inter-College Hackathon,18th April 2026,https://cemkolaghat.in/upload/events/Report_Inter_College_Hackathon_261a.pdf,"Report on


INTER-COLLEGE HACKATHON

College of Engineering & Management, Kolaghat (CEMK)
Subject: A comprehensive technical report on the Inter-College Hackathon
organized by the Department of Computer Science and Engineering, detailing the
event structure, participating teams, judging process, and final results.
Report Prepared by: Prof. Soumitra De (Convener, Technical Activities)
Co. Managed by: Subhrangsu Das (CSE/23/115)
Date: 18th April 2026

1.0 Executive Summary:
This report documents the Inter-College Hackathon organized by the Department of
Computer Science and Engineering at the College of Engineering and Management,
Kolaghat. The event brought together student teams from within the college to
ideate, build, and present innovative solutions in a single competitive round. A
total of 14 teams participated, spanning hardware prototypes and software
applications including websites and mobile apps.

Hackathon [https://cemkolaghat.in/upload/events/hackathon261.png]
Hackathon [https://cemkolaghat.in/upload/events/hackathon262.png]

Click here to view the complete report
[https://cemkolaghat.in/upload/events/Report_Inter_College_Hackathon_261a.pdf]",event,2026-09-12T05:45:26.738Z,2026-09-12T05:45:26.738Z
13,Report on Annual Sports Meet (ATHLEEMA- 2026),"March 28, 2026",https://cemkolaghat.in/upload/events/Report_AnnualSports_2026c.pdf,"Report on


REPORT ON ANNUAL SPORTS MEET (ATHLEEMA- 2026)

College of Engineering & Management, Kolaghat (CEMK)
By Sports Committee
Date: March 28, 2026

Introduction:
The Annual Sports Meet 2026 of the College of Engineering and Management,
Kolaghat, titled ""Athleema - 2K26, "" was held on 28th March 2026 at the College
Ground. This highly anticipated event served as a celebration of energy,
enthusiasm, and sportsmanship. The meet was graced by the esteemed Chief Guest,
Mr. Bhaskar Ganguly, the legendary figure in Indian Football, whose presence
significantly motivated the participants. Students from various engineering
departments came together to compete, cheer, and create unforgettable memories,
igniting a true spirit of teamwork across the campus.

Film Photography [https://cemkolaghat.in/upload/events/athleema261.png]
Film Photography [https://cemkolaghat.in/upload/events/athleema262.png]

Click here to view the complete report
[https://cemkolaghat.in/upload/events/Report_AnnualSports_2026c.pdf]",event,2026-09-12T05:45:26.739Z,2026-09-12T05:45:26.739Z
14,Report of the Blood Donation Camp (AY 2025-2026),,https://cemkolaghat.in/upload/events/Report_blood_donation26.pdf,"Report of the


BLOOD DONATION CAMP (AY 2025-2026)

On Wednesday, 8th April 2026, 10:00 am to 12:30pm
Organised by
NSS Unit
College of Engineering & Management, Kolaghat (CEMK)

Activities Performed:
A blood donation camp was organized in our College on Wednesday, 8th April 2026.
It was held in the TPO Conference Hall. Total 32 Donors donated blood. All the
preparations such as arrangement of beds, sanitizations etc. were made. A team
of doctors and nurses from the MOIC Panskura SSH Blood Bank reached in time. The
function started around 10:15 am from the family member of faculty and faculty
side of the college donated by Mrs. Baisakhi Maity and Prof.Saundarya Biswas.
The blood collected from this camp was given to the MOIC Panskura SSH Blood
Bank. We arranged for refreshments for those who donated blood in the camp and
they were given certificates.

IIC Event [https://cemkolaghat.in/upload/events/blood261.png]
IIC Event [https://cemkolaghat.in/upload/events/blood262.png]

Click here to view the complete report
[https://cemkolaghat.in/upload/events/Report_blood_donation26.pdf]",event,2026-09-12T05:45:26.740Z,2026-09-12T05:45:26.740Z
15,Report of the YOUTH DAY CELEBRATION,,https://cemkolaghat.in/upload/events/Report_Youthday260113.pdf,"Report oof the


YOUTH DAY CELEBRATION

On Tuesday, 13th January 2026
Organised by
NSS Unit
College of Engineering & Management, Kolaghat (CEMK)

Benefits:
• Promotes active learning and retention of different facts and concepts.
• Encourages collaboration and teamwork among students.
• Makes the celebration interactive and engaging, ensuring active participation.
• Recognizes and rewards knowledge and effort, boosting morale and motivation.
• Strengthens the sense of community and shared purpose among students and
faculty.
• Strengthened the role of the NSS unit in cultural integration and educational
activities within the college.

IIC Event [https://cemkolaghat.in/upload/events/youthday261.png]
IIC Event [https://cemkolaghat.in/upload/events/youthday262.png]

Click here to view the complete report
[https://cemkolaghat.in/upload/events/Report_Youthday260113.pdf]",event,2026-09-12T05:45:26.740Z,2026-09-12T05:45:26.740Z
16,Report of the QUIZ COMPETITION,,https://cemkolaghat.in/upload/events/Report_quiz2026.pdf,"Report of the


QUIZ COMPETITION

On Saturday, 10th January 2026
Organised by
NSS Unit
College of Engineering & Management, Kolaghat (CEMK)

Objectives:
 Encourage Engagement: Motivate students to actively participate in
environmental conservation efforts.
 Promote Critical Thinking: Develop analytical skills by challenging
participants with thought-provoking questions.
 Foster Teamwork: Encourage collaboration and teamwork through group quiz
activities.
 Inspire Action: Drive participants to implement sustainable practices in their
daily lives.

IIC Event [https://cemkolaghat.in/upload/events/event26_quiz1.png]
IIC Event [https://cemkolaghat.in/upload/events/event26_quiz2.png]

Click here to view the complete report
[https://cemkolaghat.in/upload/events/Report_quiz2026.pdf]",event,2026-09-12T05:45:26.741Z,2026-09-12T05:45:26.741Z
17,Celebration of International Women's Day on 27-3-2026 at TCS,,https://cemkolaghat.in/upload/events/Report_TCS_GwP20260327.pdf,"Report on


TCS GROW WITH PURPOSE INITIATIVE (GWP)

Celebration of International Womens’ Day
on 27th March, 2026 at TCS, Gitanjali Park, New Town, Kolkata
with our selected 2027 Passing out batch (Third Year students)

We are pleased to inform that Tata Consultancy Services has invited our students
for the celebration of International Women’s Day on 27th March, 2026 at TCS,
Gitanjali Park, New Town, Kolkata. 45 of our Third Year students participated in
the event. Three other colleges also participated in the program. The program
started with a presentation by senior personnel from TCS on the subject. It was
followed by intense debate on the topic “Degree or skill, which is more
important.” Also there were quiz events. Quite a few of our students
participated in the debate and quiz and won prizes for good performances. It was
a very enriching experience for the students. The program ended with campus tour
and followed by light refreshment.

IIC Event [https://cemkolaghat.in/upload/events/event26_35.png]
IIC Event [https://cemkolaghat.in/upload/events/event26_36.png]

Click here to view the complete report
[https://cemkolaghat.in/upload/events/Report_TCS_GwP20260327.pdf]",event,2026-09-12T05:45:26.742Z,2026-09-12T05:45:26.742Z
18,TCS Grow with Purpose initiative (GwP),,https://cemkolaghat.in/upload/events/Report_TCS_GwP.pdf,"Report on


TCS GROW WITH PURPOSE INITIATIVE (GWP)

At College of Engineering & Management, Kolaghat
On 6th March, 2026 for 2027 passing out batch (Third Year students)

We are pleased to inform that Tata Consultancy Services has selected our college
for TCS Youth Employment Program (YEP) as part of their CSR activities. The
program was inaugurated on 6th March, 2026 at our college. Senior Technical and
HR Personnel from TCS conducted an workshop followed by inaugural session. The
program will continue for 10 weeks at a stretch through which Subject Matter
Experts (SMEs) from TCS will train our Third Year students for employability
readiness. As first batch 65 Third Year students are participating in this
program on hybrid mode. This will continue in batches rotationally to cover all
the Third Year students.

IIC Event [https://cemkolaghat.in/upload/events/event26_33.png]
IIC Event [https://cemkolaghat.in/upload/events/event26_34.png]

Click here to view the complete report
[https://cemkolaghat.in/upload/events/Report_TCS_GwP.pdf]",event,2026-09-12T05:45:26.742Z,2026-09-12T05:45:26.742Z
19,Cognizant Impact Hiring Program,,https://cemkolaghat.in/upload/events/Report_Cognizant_Impact_Hiring_Program.pdf,"Report on


COGNIZANT IMPACT HIRING PROGRAM

At College of Engineering & Management, Kolaghat
On 7th March, 2026 for 2027 passing out batch (Third Year students)

We are pleased to inform that Cognizant Technology Solutions (CTS) has selected
our college for Impact Hiring program as part of their CSR activities. The
program was inaugurated on 7th March, 2026 at our college. Senior Technical and
HR Personnel from Cognizant conducted day long sessions e.g. Workshop, Written
Aptitude Test, Mock Group Discussions, Mock Interviews etc. for our Third Year
students to enhance their employability readiness. Total 125 Third Year (2027
Passing out batch) students participated in the program. Finally Congnizant
shortlisted 40 Third Year students for Industry visit to their facility in
Kolkata.

IIC Event [https://cemkolaghat.in/upload/events/event26_31.png]
IIC Event [https://cemkolaghat.in/upload/events/event26_32.png]

Click here to view the complete report
[https://cemkolaghat.in/upload/events/Report_Cognizant_Impact_Hiring_Program.pdf]",event,2026-09-12T05:45:26.743Z,2026-09-12T05:45:26.743Z
20,Report on IIC Self Driven Activity,08-01-2026 to 18-01-2026,https://cemkolaghat.in/upload/events/Report_Specialized_Coding.pdf,"IIC SELF DRIVEN ACTIVITY

Activity Name: Student Development Program on Specialized Coding
Speaker: Mr. Alok Halder, CEO & MD, PCS Global Pvt. Limited
Date: 08-01-2026 to 18-01-2026
Time: 9:00 am to 12:00 noon
Venue: E201, CEMK
Level of activity: 1
Audience / Participants: 3rd year CSE, CSE(AIML), IT, ECE students
Mode: Offline
Total Participants: 257

Objective of the event: The primary objective of organizing special coding
classes for 3rd year students was to strengthen their programming skills and
technical competencies required for developing innovative solutions. The
initiative aimed to nurture entrepreneurial thinking, enhance problem-solving
abilities, and equip students with the technical foundation necessary to
initiate and sustain their own start-up ventures.

IIC Event [https://cemkolaghat.in/upload/events/iic_acvity26_11.png]
IIC Event [https://cemkolaghat.in/upload/events/iic_acvity26_12.png]

Click here to view the complete report
[https://cemkolaghat.in/upload/events/Report_Specialized_Coding.pdf]",event,2026-09-12T05:45:26.743Z,2026-09-12T05:45:26.743Z
21,Report on IIC Activity - Multi Sector Career Diversification,11-02-2026 (Wednesday),https://cemkolaghat.in/upload/events/Report_Invitation_talk2602.pdf,"IIC and Department of ECE Driven Activity


MULTI SECTOR CAREER DIVERSIFICATION

Speaker: Mr. Kishan Kumar Alumnus of 2016 Batch
Date: 11-02-2026 (Wednesday)
Time: 10:30 am to 12-00 noon
Venue: TPO Conference Room, CEMK
Level of activity: 1
Audience / Participants: 2nd, 3rd and 4th year ECE students
Mode: Offline
Total Participants: 51

Description:Kishan Kumar is a former student of ECE department started his IT
professional with expertise in Oracle technologies and enterprise systems.
Beginning his career at Infosys and later serving as an Oracle Technical
Consultant at TCS, he has demonstrated strong technical proficiency, leadership,
and mentoring abilities. Alongside his corporate career, he has successfully
cleared multiple public sector banking examinations and transitioned into
banking as a Specialist Officer (IT) with Bank of Baroda. He is recognized for
his perseverance, problem-solving skills, and commitment to excellence.

IIC Event [https://cemkolaghat.in/upload/events/iic_acvity26_21.png]
IIC Event [https://cemkolaghat.in/upload/events/iic_acvity26_22.png]

Click here to view the complete report
[https://cemkolaghat.in/upload/events/Report_Invitation_talk2602.pdf]",event,2026-09-12T05:45:26.744Z,2026-09-12T05:45:26.744Z
22,Report on Hands on Experience in Cutting-edge Technologies,20-12-2025 (Saturday),https://cemkolaghat.in/upload/events/Report_Hands_on_Experience_cutting_edge_technology.pdf,"IIC Self Driven Activity


HANDS ON EXPERIENCE IN CUTTING-EDGE TECHNOLOGIES

Speaker: Er. Partha Koley
Date: 20-12-2025 (Saturday)
Time: 10:45 am to 12-20 pm
Venue: TPO Conference Room, CEMK
Level of activity: 1
Audience / Participants: 2nd and 3rd year students
Mode: Offline
Total Participants: 47

Description: Er. Partha Koley, a renowned trainer from Euphoria GenX, Kolkata
has conducted a session on ""Hands on Experience in Cutting-edge Technologies""
for our current Second and Third Year students on 20th Dec. 2025 from 10-45 am
to 12-20 pm. He deliberated upon ever evolving Technology changes in the IT
market. He mentored the students about the current technologies e.g. Cloud
Computing, Sales force, Full Stack Development, which are presently in trends
and are required to begin a startup company of their own.

IIC Event [https://cemkolaghat.in/upload/events/iic_acvity262.png]
IIC Event [https://cemkolaghat.in/upload/events/iic_acvity261.png]

Click here to view the complete report
[https://cemkolaghat.in/upload/events/Report_Hands_on_Experience_cutting_edge_technology.pdf]",event,2026-09-12T05:45:26.745Z,2026-09-12T05:45:26.745Z
23,Smart India Hackathon (SIH) 2025,,,"REPORT ON SMART INDIA HACKATHON (SIH) 2025

A comprehensive technical report on the participation of Team Eureka 2.0 in the
Smart India Hackathon (SIH) 2025 Grand Finale held at QIS College of Engineering
& Technology, Ongole, Andhra Pradesh.

The Smart India Hackathon (SIH) 2025, an initiative by the Ministry of
Education’s Innovation Cell and the All India Council for Technical Education
(AICTE), stands as the world’s premier open innovation model. Team Eureka 2.0,
representing the College of Engineering & Management, Kolaghat (CEMK),
successfully qualified for the Grand Finale of this distinguished competition.

SIH 2025 [upload/events/hackathon251.png]
SIH 2025 [upload/events/hackathon252.png]

Click here to view the complete report
[upload/events/SIH2025_Team_Eureka2_GrandFinale_Report_.pdf]",event,2026-09-12T05:45:26.745Z,2026-09-12T05:45:26.745Z
24,"IIC Celebration Activity - Expert Talk on ""conservation of Energy""",16-12-2025 (Saturday) Time: 10:00 am to 12:30 pm,https://cemkolaghat.in/upload/events/iic_act02.png,"REPORT OF CELEBRATION OF NATIONAL ENERGY CONSERVATION DAY (INDIA)

Activity Name: Expert Talk on ""conservation of Energy""
Date: 16-12-2025 (Saturday) Time: 10:00 am to 12:30 pm
Venue: J K Das auditorium, CEMK
Level of activity: 1
Participants: Students, Faculty and Staff members of CEMK
Mode of Conduction: Offline
Total Participants: 84

Speaker: Er. Tarak Maji, Senior Manager, PS, West Bengal Power Development
Corporation

Objective of the event: To inspire students to merge innovation with
sustainability by highlighting milestones in renewable energy.

IIC Activity [https://cemkolaghat.in/upload/events/iic_act01.png]
IIC Activity [https://cemkolaghat.in/upload/events/iic_act02.png]

Click here to view the complete report
[upload/events/Report_National_Energy_Conservation_Day.pdf]",event,2026-09-12T05:45:26.746Z,2026-09-12T05:45:26.746Z
25,Report of the Webinar,,,"Report of the Webinar
on


EXCITONIC PHOTOVOLTAIC TECHNOLOGY: DEVELOPMENT, STRUCTURE, WORKING MECHANISM,
MATERIALS, OPTIMIZATION, AND DEVICE FABRICATION



Conducted on 23rd December, 2025
Organized by
Department of Basic Sciences & Humanities,
College of Engineering and Management, Kolaghat, WB, India.
KTPP Township, Purba Medinipur, WB - 721171

Platform: Online (Google meet)

The program was conducted to sensitize newly admitted students about responsible
digital behaviour, personal privacy, ethical online conduct, and the
psychological and legal implications associated with misuse of digital devices.

Webinar [upload/events/bbb1.png]
Webinar [upload/events/bbb2.png]

Click here to view the complete report [upload/events/Webinar_report.pdf]",event,2026-09-12T05:45:26.747Z,2026-09-12T05:45:26.747Z
26,Report on General Awareness Program,,,"REPORT ON GENERAL AWARENESS PROGRAM

""PRIVACY, APPROPRIATE BEHAVIOUR WITH DIGITAL DEVICES AND RELATED ISSUES""
Organized by:
Internal Complaints Committee (ICC)
In association with Institution's Innovation Council (IIC)
College of Engineering and Management, Kolaghat (West Bengal)

The program was conducted to sensitize newly admitted students about responsible
digital behaviour, personal privacy, ethical online conduct, and the
psychological and legal implications associated with misuse of digital devices.

Entrepreneurship [upload/events/aaa1.png]
Entrepreneurship [upload/events/aaa2.png]

Click here to view the complete report
[upload/events/Report_Awareness_program25.pdf]",event,2026-09-12T05:45:26.747Z,2026-09-12T05:45:26.747Z
27,"Expert Talk on ""Entrepreneurship Development and Motivation""",18-10-2025 (Saturday) Time: 9:50 am to 12-20 pm,,"REPORT OF MOTIVATIONAL EXPERT SESSIONS BY SUCCESSFUL INNOVATORS & ENTREPRENEURS

Activity Name: Expert Talk on ""Entrepreneurship Development and Motivation""
Date: 18-10-2025 (Saturday) Time: 9:50 am to 12-20 pm
Venue: J K Das auditorium, CEMK
Level of activity: 1
Participants: Students, Faculty and Staff members of CEMK
Mode of Conduction: Offline
Total Participants: 75

Speaker: Sabyasachi Mukhopadhyay, Research Scholar (IIT Kharagpur), Champion
innovator (Google), Vice Chair of IEEE Computer Society Student Branch Chapter
IIT Kharagpur, Google Developer Expert in ML

Entrepreneurship [upload/events/motiv01.jpg]
Entrepreneurship [upload/events/motiv02.jpg]

Click here to view the complete report [upload/events/Motivational_Talk.pdf]",event,2026-09-12T05:45:26.748Z,2026-09-12T05:45:26.748Z
28,Report on Celebration of National Entrepreneurship Day,7/11/2025 Time: 8:30 am – 11:30 am Venue: W305,,"CELEBRATION OF NATIONAL ENTREPRENEURSHIP DAY

Activity Name: Entrepreneurship Idea Competition
Date: 7/11/2025 Time: 8:30 am – 11:30 am Venue: W305
Level of activity: 2
Participants: All Students and Faculty members
Mode of Conduction: Physical



OBJECTIVE OF THE PROGRAM:

The objective of organizing the Entrepreneurship Idea Competition for students
is to encourage innovation, creativity, and an entrepreneurial mindset among
young learners. This event aims to provide a platform for students to showcase
their innovative business ideas and problem-solving abilities, develop skills in
idea generation, value creation, and business model development, foster
confidence in pitching and presenting ideas effectively and promote awareness
about entrepreneurship as a viable career path.



Entrepreneurship [upload/events/ent_day_251.png]
Entrepreneurship [upload/events/ent_day_252.png]

Click here to view the complete report
[upload/events/Report_National_Entrepreneurship_Day.pdf]",event,2026-09-12T05:45:26.749Z,2026-09-12T05:45:26.749Z
29,Technical Report on Intra College Hackathon 2025,,,"Date of Event: 01st November 2025
Venue: College of Engineering & Management, Kolaghat
Organized by: Technical Activities Committee

EXECUTIVE SUMMARY

Technical Activities Committee in association with Institution’s Innovation
Council, CEMK, successfully conducted the Internal Evaluation for Innovative
Concepts of Hackathon 2025 on 01st November 2025. This event served as the
intra-college evaluation platform for innovative ideas/ concepts proposed by
student teams, aimed at addressing real-world problem statements. The Hackathon
provided a structured avenue for students to demonstrate innovation, technical
competency, and collaborative problem-solving.

Hackathon25 [upload/events/hack251.png]
Hackathon25 [upload/events/hack252.png]
Click here to view the complete report [upload/events/Report_ Hackathon25.pdf]",event,2026-09-12T05:45:26.749Z,2026-09-12T05:45:26.749Z
30,Report on 28th College Foundation Day,,,"Report on


28THFOUNDATION DAY CELEBRATION


23rd September, 2025
College of Engineering and Management, Kolaghat

The College of Engineering and Management, Kolaghat came alive with joy and
festivity on 23rd September 2025 as it celebrated its 28th Foundation Day at
Balaka Mancha. The air was filled with excitement as students, faculty, alumni,
and guests gathered to mark this special occasion.

The celebration began at 2:30 p.m. with the Inauguration Ceremony, graced by the
esteemed presence of Sri Biplab Roy Chowdhury, Hon’ble MIC (Independent Charge),
Department of Fisheries, Government of West Bengal, who joined as the Chief
Guest. Adding grandeur to the event were eminent personalities like Dr. Soumen
Kumar Mahapatra, MLA, Tamluk, Sri Surajit Manna, Sabhapati, Kolaghat Panchayat
Samiti, Sri Argha Ghosh, BDO, Kolaghat, and Sri Avishek Ghosh, a proud alumnus
of the College, all of whom inspired the gathering with their encouraging words.

Foundation Day [upload/events/foundation251.png]
Foundation Day [upload/events/foundation252.png]
Click here to view the complete report
[upload/events/Report_Foundation_Day_2025.pdf]",event,2026-09-12T05:45:26.750Z,2026-09-12T05:45:26.750Z
31,"Report on ""Voices of Hope-An Open Mic""",10/9/2025,,"REPORT ON ""VOICES OF HOPE-AN OPEN MIC""

Title of the Event: COPE – Open Mic on Mental Health & Suicide Prevention
Organized by: Mental Health Club, College of Engineering and Management Kolaghat
Under the Aegis of: Institution’s Innovation Council (IIC)
Date: 10/9/2025
Venue: J K Das Auditorium
Mode: Offline

The objective of this event was to promote awareness on mental health, coping
strategies, and suicide prevention among students through creative expression.
By providing an open platform for students to share their thoughts through
dance, music, recitation, speech, and motivational storytelling, the program
aimed to destigmatize discussions around mental well-being and encourage peer
support.

Tech Event [upload/events/cope25_1.jpg]
Tech Event [upload/events/cope25_2.jpg]

Click here to view the complete report [upload/events/Report_COPE25.pdf]",event,2026-09-12T05:45:26.751Z,2026-09-12T05:45:26.751Z
32,Technical Report on Smart India Hackathon 2025,,,"TECHNICAL REPORT ON SMART INDIA HACKATHON 2025

Date of Event: 20th September 2025
Venue: College of Engineering & Management, Kolaghat
Organized by: Technical Activities Committee in association with Institution’s
Innovation Council, CEMK

Technical Activities Committee in association with Institution’s Innovation
Council, CEMK, successfully conducted the Internal Evaluation for Innovative
Projects of SIH 2025 on 20th September 2025. This event served as the
intra-college evaluation platform for innovative projects proposed by student
teams, aimed at addressing real-world problem statements.

The hackathon provided a structured avenue for students to demonstrate
innovation, technical competency, and collaborative problem-solving. The
evaluation further helped shortlist teams for participation in the
national-level Smart India Hackathon 2025.

Click here to view the complete report
[upload/events/Report_SmartIndiaHackathon2025.pdf]",event,2026-09-12T05:45:26.751Z,2026-09-12T05:45:26.751Z
33,Report on Tech Events,,,"Technical Report on Coding Competition and Tech Quiz
College of Engineering and Management, Kolaghat

A comprehensive technical report on the Intra-College Coding Competition and
Tech Quiz, held on September 13, 2025, detailing the structure, participation,
and outcomes of both events.

This report summarizes the successful execution of two major technical events,
the ""Intra-College Coding Competition"" and the ""Tech Quiz,"" organized by the
Department of Computer Science and Engineering. The events, held on September
13, 2025, were designed to assess and enhance the technical and logical
reasoning skills of students from various disciplines. The planning and
execution of these events involved multiple stages and a significant number of
participants, highlighting a strong interest in technical extracurricular
activities within the college. Both events demonstrated a high level of
engagement and competitive spirit.

Tech Event [upload/gc/teche25/tech_coding_01.jpg]
Tech Event [upload/gc/teche25/tech_quiz_05.jpg]

Click here to view the complete report [upload/events/Report_on_Tech_Events.pdf]",event,2026-09-12T05:45:26.752Z,2026-09-12T05:45:26.752Z
34,"Report on ""Real Time Industry Knowledge sharing"" session",,,"held for final year (2026 passing out batch) students
on 30-8-2025 at J K Das Auditorium

The speakers were Mr. Avijit Sengupta, Assistant Consultant, TCS and Mr. Balaram
Manna, Sr. Executive, Atos. Both of them are alumni of CEMK, passed out in 2013.

They discussed and interacted on the following topics:

To gain real-world insights, practical strategies, and soft skills to stand out
in today's competitive job market. How effectively prepare for interviews - The
Importance of Mock Interviews Roadmap for freshers to succeed beyond drives.
Soft skills that make industry-ready and significantly influence hiring chances
61 Final Year students attended the program.



HACKATHON [upload/events/event_20250830_1.png]
HACKATHON [upload/events/event_20250830_2.png]
Click here to view the complete report
[upload/events/Report_RealTimeIndustryKnowledge.pdf]",event,2026-09-12T05:45:26.753Z,2026-09-12T05:45:26.753Z
35,IIC Activity - My story - How to initiate a start-up while working in MNCs,16.11.2024,https://cemkolaghat.in/upload/events/(2024-2025)_01_Overall_Report-16.11.2024.pdf,"IIC Activity - Topic: My story - How to initiate a start-up while working in
MNCs
Date: 16.11.2024
Time: 3:00 pm to 4:00 pm
Venue: J. K. Auditorium

Name of the speaker: Ms. Sahin Sultana Khan, Infosys, Hyderabad

Participants: Final Year students and Faculty

Object of the event: To impart the students how to setup a startup while still
working in a company.

IIC Event [https://cemkolaghat.in/upload/events/iic041.png]
IIC Event [https://cemkolaghat.in/upload/events/iic042.png]

Click here to view the complete report
[https://cemkolaghat.in/upload/events/(2024-2025)_01_Overall_Report-16.11.2024.pdf]",event,2026-09-12T05:45:26.754Z,2026-09-12T05:45:26.754Z
36,IIC Activity Topic: Characteristics and traits required for EdTech startup,28.11.2024,https://cemkolaghat.in/upload/events/(2024-2025)_02_Overall_Report-28.11.2024.pdf,"IIC Activity: Characteristics and traits required for EdTech startup
Date: 28.11.2024
Time: 10-30 am to 12:30 pm
Venue: N210

Name of the speaker: Mr. Gourab Pal, Founder, O2 Academia, EdTech Startup,
Kolkata

Participants: Students and Faculty

Object of the event: To impart the students the knowledge about how to initiate
EdTech Startup company.

IIC Event [https://cemkolaghat.in/upload/events/iic031.png]
IIC Event [https://cemkolaghat.in/upload/events/iic032.png]

Click here to view the complete report
[https://cemkolaghat.in/upload/events/(2024-2025)_02_Overall_Report-28.11.2024.pdf]",event,2026-09-12T05:45:26.754Z,2026-09-12T05:45:26.754Z
37,IIC Activity - National Energy Conservation Day (India),14.12.2024,https://cemkolaghat.in/upload/events/(2024-2025)_03_Overall_Report-14.12.2024.pdf,"IIC Activity Name: National Energy Conservation Day (India)
Date: 14.12.2024
Time: 10:30 am to 12:30 pm
Venue: TPO’s Conference Room

Object of the event: To spread awareness among students, faculty members and
staff members, about the importance and modalities of conservation of energy.

Key outcomes of the activity: All the students and other participants came to
know about the various aspects of conservation of energy and its impact in the
society.

IIC Event [https://cemkolaghat.in/upload/events/iic021.png]
IIC Event [https://cemkolaghat.in/upload/events/iic022.png]

Click here to view the complete report
[https://cemkolaghat.in/upload/events/(2024-2025)_03_Overall_Report-14.12.2024.pdf]",event,2026-09-12T05:45:26.755Z,2026-09-12T05:45:26.755Z
38,"IIC Celebration Activity Name: 5th Anniversary of National Education Policy
(NEP) 2020",,https://cemkolaghat.in/upload/events/(2024-2025)_04_Overall_Report_29.07.2025.pdf,"IIC Celebration Activity Name: 5th Anniversary of National Education Policy
(NEP) 2020


EXPERT TALK ON “HIGHLIGHTING NEP 2020'S VISION FOR INTERDISCIPLINARY INNOVATION
AND CROSS SECTOR ENTREPRENEURSHIP”

Object of the event: To raise awareness among students, faculty, staff, and
other stakeholders about the key reforms introduced by the National Education
Policy (NEP) 2020 in the Indian education system, including its emphasis on
holistic, multidisciplinary, and flexible learning approaches.

IIC Event [https://cemkolaghat.in/upload/events/iic011.png]
IIC Event [https://cemkolaghat.in/upload/events/iic012.png]

Click here to view the complete report
[https://cemkolaghat.in/upload/events/(2024-2025)_04_Overall_Report_29.07.2025.pdf]",event,2026-09-12T05:45:26.756Z,2026-09-12T05:45:26.756Z
39,International Yoga Day Celebration 2025,,,"Report of the


INTERNATIONAL YOGA DAY

on
Saturday, 21/06/2025

Yoga is more than just a form of physical exercise—it is a way of life that
promotes harmony between the body, mind, and soul. Rooted in ancient Indian
philosophy, yoga has evolved over thousands of years, yet its core principles
remain the same: mindfulness, balance, and inner peace. Today, yoga is practiced
all over the world by people of all ages and backgrounds, offering numerous
physical, mental, and emotional benefits. At its core, yoga involves a
combination of physical postures (asanas), breath control (pranayama), and
meditation (dhyana). These elements work together to enhance physical
flexibility, build muscle strength, improve posture, and boost energy levels.

International Yoga Day Celebration 2025 [upload/events/yoga25_1.jpg]
International Yoga Day Celebration 2025 [upload/events/yoga25_2.jpg]

Click here to view the complete report
[upload/events/International_Yoga_Day_Report_2025.pdf]",event,2026-09-12T05:45:26.757Z,2026-09-12T05:45:26.757Z
40,Report on Inter-Departmental Sports 2K25,,,"Report of the


REPORT ON INTER-DEPARTMENTAL SPORTS 2K25

Organized by: Sports Committee, CEMK

Interdepartmental sports at the College of Engineering and Management, Kolaghat
foster a spirit of healthy competition, unity, and teamwork among students
across various engineering disciplines. Sports like cricket, football,
volleyball, badminton, table tennis, and athletics serve not only as a platform
to showcase talent but also to build camaraderie and leadership skills among
students. The vibrant atmosphere during these competitions reflects the dynamic
and holistic student culture of CEMK, emphasizing the importance of physical
fitness and sportsmanship alongside academic excellence.

Inter-Departmental Sports 2K25 [upload/events/idsports1.jpg]
Inter-Departmental Sports 2K25 [upload/events/idsports2.jpg]

Click here to view the complete report
[upload/events/Report_Inter_Departmental_Sports_2025.pdf]",event,2026-09-12T05:45:26.758Z,2026-09-12T05:45:26.758Z
41,Fire Extinguisher Training Session,,,"Report of the


FIRE EXTINGUISHER TRAINING SESSION

On 4th June 2025
Venue: Mechanical Workshop Ground
Organized by: Department of Estate Campus Services (ECS), CEMK
Trainer: M/S Global Fire Service, Kamardaha, Kantapukur, Bagnan

To enhance fire safety awareness and emergency preparedness, a Fire Extinguisher
Training Session was conducted at the College of Engineering & Management,
Kolaghat on 4th June 2025. The training was specially arranged for faculty
members, non-teaching staff, and security personnel, reaffirming our commitment
to a secure campus environment.

Fire Extinguisher Training Session [upload/events/fire1.jpg]
Fire Extinguisher Training Session [upload/events/fire2.jpg]

Click here to view the complete report
[upload/events/Fire_Extinguisher_Training_Session.pdf]",event,2026-09-12T05:45:26.758Z,2026-09-12T05:45:26.758Z
42,"Report of one-day workshop on ""POSH""",,,"I. OBJECTIVE:

This workshop aims at making CEMK a safe, ethical and productive workplace
through ""POSH (Prevention of Sexual Harassment)"". This is another step in
ascertaining that our workplace remains a safe and inclusive space with equal
opportunities for all.

II. DATE AND VENUE:

This workshop took place on 17th May, 2025 at the JK Das Auditorium of College
of Engineering and Management, Kolaghat(WB).

III. RESOURCE PERSON:

Dr. Apala Chatterjee, Consultant Counsellor, Kolkata(WB)

One-day workshop on POSH [upload/events/posh1.png]
One-day workshop on POSH [upload/events/posh2.png]
Click here to view the complete report [upload/events/Report_workshop1_POSH.pdf]",event,2026-09-12T05:45:26.759Z,2026-09-12T05:45:26.759Z
43,Report on Rabindra Jayanti Celebration - 2K25,,,"Report on


RABINDRA JAYANTI CELEBRATION - 2K25

College of Engineering & Management, Kolaghat


BY RABINDRA JAYANTI CELEBRATION COMMITTEE, MAY 9, 2025

Rabindra Jayanti Celebration - 2K25 [upload/events/rabindra_2025.png]

The College of Engineering and Management, Kolaghat, celebrated Rabindra Jayanti
with great reverence, energy, and enthusiasm. The event was a tribute to the
literary giant Rabindranath Tagore, whose legacy of literature, music, and
philosophy continues to inspire generations. The program was a harmonious blend
of music, dance, poetry, and speeches, reflecting Tagore’s multifaceted genius.

The program commenced with an Inauguration Speech by the Director Dr. Prof.
Dilip Gayen, setting a warm and respectful tone for the day. The ceremonial
adornment with floral garland marked the official beginning of the celebration.


Click here to view the complete report
[upload/events/Report_RabindraJayanti_2025.pdf]",event,2026-09-12T05:45:26.760Z,2026-09-12T05:45:26.760Z
44,Report of the Blood Donation Camp 2024-2025,,,"Report of the


BLOOD DONATION CAMP (AY 2024-2025)

On Saturday, 3 May 2025, 10:00 am to 3:00pm
Organized by NSS and NCC Unit
College of Engineering & Management, Kolaghat (CEMK)
KTPP Township, Purba Medinipur, WB-721171

A blood donation camp was organized in our College on Saturday, 3rd May 2025. It
was held in the TPO Conference Hall. Total 50 Donors donated blood. All the
preparations such as arrangement of beds, sanitization etc. were made. A team of
doctors and nurses from the MOIC Panskura SSH Blood Bank reached in time.

Cycle Rally 2024-25 [upload/events/blood_don_1.png]
Cycle Rally 2024-25 [upload/events/blood_don_2.png]

Click here to view the complete report
[upload/events/Blood_donationn_camp_2025.pdf]",event,2026-09-12T05:45:26.761Z,2026-09-12T05:45:26.761Z
45,Report on Cycle Rally 2024-25,,,"Report of the


CYCLE RALLY 2024-25

Organized by NSS Unit
College of Engineering & Management, Kolaghat (CEMK)
KTPP Township, Purba Medinipur, WB-721171

Cycle rallies offer numerous benefits, including promoting physical health,
encouraging sustainable practices, and fostering social interaction. By cycling
together, participants can improve their fitness, reduce their carbon footprint,
and connect with others who share a passion for cycling and environmental
responsibility.

Blood Donation Camp 2024-25 [upload/events/cyclerally1.png]
Blood Donation Camp 2024-25 [upload/events/cyclerally2.png]

Click here to view the complete report [upload/events/Cycle_rally_2025.pdf]",event,2026-09-12T05:45:26.761Z,2026-09-12T05:45:26.761Z
46,Report on Tree Plantation 2024-25,,,"REPORT ON THE
TREE PLANTATION 2024-25
ORGANISED BY:
NSS UNIT, COLLEGE OF ENGINEERING & MANAGEMENT, KOLAGHAT

Tree plantation offers numerous benefits, including environmental improvements
like cleaner air and water, climate change mitigation through carbon
sequestration, and habitat creation for wildlife. Economically, it can create
jobs and enhance agricultural productivity. Furthermore, trees contribute to a
sense of well-being by reducing stress and promoting physical activity.

Tree Plantation 2024-25 [upload/events/tree1.jpg]
Tree Plantation 2024-25 [upload/events/tree2.jpg]

Click here to view the complete report [upload/events/Tree_Plantation.pdf]",event,2026-09-12T05:45:26.762Z,2026-09-12T05:45:26.762Z
47,Report of the YOGA CAMP-2025,,,"REPORT OF THE
YOGA CAMP-2025
ON
WEDNESDAY, 23/04/2025
ORGANISED BY:
NSS UNIT, COLLEGE OF ENGINEERING & MANAGEMENT, KOLAGHAT

Yoga is more than just a form of physical exercise—it is a way of life that
promotes harmony between the body, mind, and soul. Rooted in ancient Indian
philosophy, yoga has evolved over thousands of years, yet its core principles
remain the same: mindfulness, balance, and inner peace. Today, yoga is practiced
all over the world by people of all ages and backgrounds, offering numerous
physical, mental, and emotional benefits.

YOGA CAMP-2025 [upload/events/yoga_1.jpg]
YOGA CAMP-2025 [upload/events/yoga_2.jpg]

Click here to view the complete report [upload/events/Report_YOGA_2.pdf]",event,2026-09-12T05:45:26.762Z,2026-09-12T05:45:26.762Z
48,Report on Poster Making Competition - 2025,,,"EVENT: REPORT: POSTER MAKING COMPETITION
DATE OF EVENT: 12TH APRIL, 2025
SUBMISSION DATE: 22ND APRIL, 2025
VENUE OF SUBMISSION: ROOM NO.: W212

To raise awareness about the importance of environmental conservation, the NSS
Unit of College of Engineering and Management,Kolaghat organized a Slogan Event
followed by an Environmental Awareness Rally on 19April,2025. The event aimed to
encourage students to think critically about environmental issues and to
actively participate in spreading awareness within the campus community.

poster_event_2025 [upload/events/poster_comp1.jpg]
poster_event_2025 [upload/events/poster_comp2.jpg]
poster_event_2025 [upload/events/poster_comp3.jpg]

Click here to view the complete report [upload/events/poster_event_2025.pdf]",event,2026-09-12T05:45:26.763Z,2026-09-12T05:45:26.763Z
49,Report on Environmental Awarnwss Slogan Event & Rally,,,"ORGANIZED BY
NSS UNIT, COLLEGE OF ENGINEERING AND MANAGEMENT,KOLAGHAT
DATE: 19TH APRIL,2025
VENUE: COLLEGE CAMPUS

To raise awareness about the importance of environmental conservation, the NSS
Unit of College of Engineering and Management,Kolaghat organized a Slogan Event
followed by an Environmental Awareness Rally on 19April,2025. The event aimed to
encourage students to think critically about environmental issues and to
actively participate in spreading awareness within the campus community.

Slogan-Event-2025 [upload/events/slogan1.jpg]
Slogan-Event-2025 [upload/events/slogan2.jpg]

Click here to view the complete report [upload/events/slogan_event_2025.pdf]",event,2026-09-12T05:45:26.763Z,2026-09-12T05:45:26.763Z
50,"Report on Departmental Coding Competition, CSE 2025",,,"A REPORT

ON

DEPARTMENTAL CODING COMPETITION

ORGANIZED BY
CSE DEPT. CODING CLUB

The primary objective of coding competition or competitive programming is to
enhance participants problem-solving skills, particularly in the realm of
algorithm design and computational thinking. These competitions aim to evaluate
and improve a programmer’s ability to analyze problems, develop efficient
solutions, and write code within time and resource constraints.

In our department we have organized coding competition on April 16 & 17 through
rigorous evaluation process and finally we have rewarded top three teams with
some coding kits. In our competition 5 teams of total 20 participants showcasing
their innovative research ideas in physical mode. Mostly their work has inclined
with machine learning related problems. All the participants achieved the
requirements for their own-work. In our entire competition we have maintained
strict evaluation methodology and documentation.

Click here to view the complete report
[upload/events/CodingCompetitionReport_CSE2025.pdf]",event,2026-09-12T05:45:26.764Z,2026-09-12T05:45:26.764Z
51,"Report on Alumni Reunion held on 1st March, 2025",,https://cemkolaghat.in/alumni_2025.php,"First formal Alumni Reunion-2025 was held on 1st March 2025 with pomp and
grandeur. This was organized by CEMK Alumni Association. Altogether 155 alumni
members across 23 passout batches from 2002 to 2024 participated in the event.
The reunion was inaugurated by the Director Prof. (Dr.) Dilip Kumar Gayen. In
his inaugural speech, he stressed upon the more active participation of Alumni
members for the all round development of CEMK. Prof. (Dr.) Debiprasad
Chakraborty, the secretary of the CEMK Alumni Association, elaborated about
alumni related activities and accounts in the past year for information of all
the participants.

Alumni-Reunion-2025 [upload/events/report_alumni1.jpg]
Alumni-Reunion-2025 [upload/events/report_alumni2.jpg]
Alumni-Reunion-2025 [upload/events/report_alumni4.jpg]
Alumni-Reunion-2025 [upload/events/report_alumni3.jpg]

Alumni Reunion 2025 Webpage [https://cemkolaghat.in/alumni_2025.php]
Click here to view the complete report [upload/events/AlumniReunion2025.pdf]",event,2026-09-12T05:45:26.765Z,2026-09-12T05:45:26.765Z
52,ICTEA-2025 Report,06/01/2025 to 10/01/2025,https://cemkolaghat.in/cse_ictea_2025.php,"A REPORT

ON

FACULTY DEVELOPMENT PROGRAM

Title:
Intelligent Computing Techniques and Its Engineering Applications (ICTEA-2025)

Organized by:
Department of Computer Science and Engineering (NBA Accredited)
College of Engineering and Management, Kolaghat (CEMK)

Duration of FDP:
Date: 06/01/2025 to 10/01/2025

Objective of the FDP:
The Faculty Development Program (FDP) on ""Intelligent Computing Techniques and
Its Engineering Applications (ICTEA-2025)"" aims to offer participants a
comprehensive overview of the latest developments and trends in Computing
Techniques. The objectives of this FDP include: i) Enhancing knowledge and
skills, ii) Providing theoretical and practical exposure, iii) Encouraging
research and innovation. In summary, this FDP serves as a platform for
educators, researchers, and industry professionals to stay updated on the latest
advancements in Computing Techniques, paving the way for the next generation of
Computer Science.

Participants:
Faculty members of the AICTE approved institutions, Research scholars, PG
Scholars, participants from Government, Industry Bureaucrats/Technicians/
Professionals/ School Teachers and faculties of host institutions nominated by
the head of the institutions.

Participation Statistics:
Number of different states of India from where the participants registered: 20
Number of different countries outside India from where the participants
registered: 3
Total number of Registered Participants: 1540
Number of different organizations from where the participants registered: 500+
Number of different disciplines from where the participants registered: 200+


ICTEA-2025 [upload/events/ictea1.png]
ICTEA-2025 [upload/events/ictea2.png]
ICTEA-2025 [upload/events/ictea3.png]

ICTEA-2025 Webpage [https://cemkolaghat.in/cse_ictea_2025.php]
Click here to view the complete report [upload/events/ICTEA2025_Report.pdf]",event,2026-09-12T05:45:26.765Z,2026-09-12T05:45:26.765Z
53,Poster Making Competition (6/03/25-11/03/25),,,"COLLEGE OF ENGINEERING & MANAGEMENT, KOLAGHAT (CEMK)

REPORT OF THE

POSTER MAKING COMPETITION

ON 28/2/2025 AND 12/03/2025

ORGANIZED BY: NSS CEMK UNIT



The NSS CEMK Unit has organized a Poster Making Competition aimed at promoting
social awareness through creative expression. The event encourages students to
showcase their artistic talents while addressing crucial societal issues. The
best posters will be displayed across the campus and featured in the SCI-Tech
Quiz Final.



EVENT DETAILS

Organizer: NSS CEMK Unit
Event Type: Poster Making Competition
Duration: March 6, 2025 – March 11, 2025
Venue for Submission: Room No. W212
Display of Top Posters: March 12, 2025, at JK Das Auditorium during the SCI-Tech
Quiz Final
Click here to view the complete report
[upload/events/Postermakingcompetition2025_Report.pdf]",event,2026-09-12T05:45:26.766Z,2026-09-12T05:45:26.766Z
54,Quiz on Science & Technology (28/2/2025 and 12/03/2025),,,"REPORT OF THE

QUIZ ON SCIENCE & TECHNOLOGY

ON FRIDAY, 28TH FEBRUARY,2025 AT 12:20PM – 1:40PM & 12TH MARCH,2025 AT 3:20PM –
5:00PM

ORGANISED BY
NSS UNIT
COLLEGE OF ENGINEERING & MANAGEMENT, KOLAGHAT (CEMK)
KTPP TOWNSHIP, PURBA MEDINIPUR, WB-721171
AY- 2024-2025

Click here to view the complete report [upload/events/Sci_techquiz2025.pdf]",event,2026-09-12T05:45:26.767Z,2026-09-12T05:45:26.767Z
55,Celebration of the 27th Foundation Day,,,"REPORT ON

CELEBRATION OF THE 27TH FOUNDATION DAY

COMMEMORATED ON

23RD SEPTEMBER, 2024 AT BALAKA MANCHA

Celebration of the 27th Foundation Day [upload/foundation2.png]

Foundation Day is a significant occasion that marks the establishment of an
organization, institution, or community. It serves as a reminder of the values,
missions, and vision that initiated the journey of the entity.

The 27th Foundation Day of the college was celebrated on 23rd September, 2024 at
'Balaka Mancha' during 2:00 – 6:00 PM. Through this event, we commemorated our
journey, achievements, and aspirations for the future. The celebration aimed to
foster a sense of community and pride among attendees, highlighting the values
and vision instilled since the institution's inception.

Click here to view the complete report
[upload/events/Report_of_27th_Foundation_Day.pdf]",event,2026-09-12T05:45:26.767Z,2026-09-12T05:45:26.767Z
56,Report on Entrepreneurship Idea Competition,,,"Entrepreneurship Idea Competition [upload/eic01.jpg]
Organized by
Departmental Innovation Council
Department of Computer Science and Engineering
(NBA Accredited)
College of Engineering and Management, Kolaghat



INTRODUCTION

The Entrepreneurship Competition serves as a platform to highlight innovative
business ideas and entrepreneurial talent. This report provides an overview of
the competition, including its objectives, participant, evaluation criteria, and
key outcomes.

DESCRIPTION OF THE EVENT

A talk on entrepreneurship was organized on 14/08/2024 by Mr. Sabyasachi
Mukhopadhyay to inspire students to pursue entrepreneurship. Then, as part of
the event, students were invited to submit a synopsis of their entrepreneurship
proposals. Following this, they were asked to present their ideas for evaluation
on 12/02/2025.

Details of Participants with Topics:

Participant NameTopicSirsha Karmakar & M. Raja SadhvikaMASTERCARESudip Ghosh &
Souvik BanerjeeTek CodingAnkita SahaTOPSY_TURVYRupayan PanjaADDY_
StartupSubhankar BoseImpactMediaPuskar Kumar Prasad, Ranit Das & Pulagam
AbhimanyuElectronics Service any TimeArghya Das and M Hari KishoreNutriTrack
proposalChinmoy GoswamiECO Friendly Subscription Box BusinessAditya
BanerjeeFreedomSaikat JanaSmartServeTech

Criteria

Participant NameDescriptionRating (1-5)1. Idea ClarityClear explanation of the
business idea, its goals, and vision. 2. Innovation & CreativityUniqueness of
the idea and its ability to stand out in the market. 3. Problem
IdentificationClear identification of the problem the idea solves, and relevance
to the target market. 4. Market UnderstandingKnowledge of target audience,
industry trends, and competition 5. Feasibility & ViabilityPracticality of
implementation and the potential for success 6. Business ModelClear explanation
of how the business will make money 7. Presentation SkillsQuality of delivery:
confidence, clarity, engagement, and professionalism 8. Financial
ProjectionsRealistic financial forecasts, including cost structure and revenue
projections. 9. Potential for Growth / ScalingAbility to scale the idea or adapt
to changing market conditions. 10. Social / Environmental ImpactPositive social
or environmental impact of the business idea. 

NAME AND AFFILIATION OF EXPERTS:

 * Dr. Chinmoy Maity, Assistant Professor, CEMK
 * Dr. Alok Ranjan Pal, Assistant Professor, CEMK
 * Prof. Soumitra De, Assistant Professor, CEMK

ORGANIZING MEMBERS:

 * Prof. Lipika Datta (Convenor)
 * Dr. Chinmoy Maity
 * Dr. Alok Ranjan Pal
 * Prof. Soumitra De

NOMINATED TOP TEAMS DETAILS:

 * Sudip Ghosh & Souvik Banerjee
 * Ankita Saha
 * Arghya Das & M Hari Kishore

Click here to view the complete report
[upload/events/Report_Entrepreneurship_idea_competition.pdf]
Entrepreneurship Idea Competition [upload/eic02.jpg]
Entrepreneurship Idea Competition [upload/eic03.jpg]
Entrepreneurship Idea Competition [upload/eic04.jpg]

CONCLUSION

The Entrepreneurship Idea Competition organized by the CSE Department of College
of Engineering and Management Kolaghat has successfully provided a platform for
students to showcase their innovative ideas, entrepreneurial spirit, and
problem-solving skills. This competition not only encouraged creativity but also
fostered a sense of collaboration and teamwork among participants. The
enthusiasm, dedication, and hard work exhibited by all the teams were truly
inspiring, reflecting the bright future of entrepreneurship.

ACKNOWLEDGEMENT

We would like to extend our heartfelt gratitude to the Director of College of
Engineering and Management Kolaghat for for providing all types of facilities
and resources for organizing this event. A special thank to TPO sir, the faculty
members and the judges who worked tirelessly behind the scenes to make this
event a success. Their unwavering support, guidance, and dedication made this
event possible. We also appreciate the active participation of all the students
who presented their ideas, as well as the audience for their encouragement and
enthusiasm.",event,2026-09-12T05:45:26.768Z,2026-09-12T05:45:26.768Z
57,"Infosys on-campus drive on 3rd and 4th January, 2025",,,"Infosys on-campus drive [upload/infosys2025_1.jpeg]
Infosys on-campus drive [upload/infosys2025_2.jpeg]
Infosys on-campus drive [upload/infosys2025_3.jpeg]
Infosys on-campus drive [upload/infosys2025_4.jpeg]",event,2026-09-12T05:45:26.768Z,2026-09-12T05:45:26.768Z
58,REPORT ON HACKATHON – VERSION 3.0,,,"College of Engineering & Management, Kolaghat


ORGANIZED BY DEPARTMENT OF COMPUTER SCIENCE AND ENGINEERING (NBA ACCREDITED)

A hackathon is a collaborative event where people come together to solve
problems, build projects, and share ideas. A hackathon is a timed event where
teams of developers, software engineers, and business experts work together to
create a prototype or finished product. The goal is to design, build, and
present an innovative solution to a problem.

HACKATHON [upload/events/hackathon1.png]
HACKATHON [upload/events/hackathon2.png]
Click here to view the complete report [upload/events/HackathonReport.pdf]",event,2026-09-12T05:45:26.769Z,2026-09-12T05:45:26.769Z
59,"Thalassaemia Camp held on 25 September, 2024",,,"College of Engineering & Management, Kolaghat (CEMK NSS team) organized a
Thalassaemia test Camp on 25th September 2024 for students.
Venue: TPO Conference room
Time: 11:30am onwards.
event_Thalassaemia1 [upload/event2_1.jpg]
event_Thalassaemia2 [upload/event2_2.jpg]
event_Thalassaemia3 [upload/event2_3.jpg]",event,2026-09-12T05:45:26.770Z,2026-09-12T05:45:26.770Z
60,"""A Beautiful Mind"" movie screening under COPE",,,"Film Title: A Beautiful Mind
Film Director: Ron Howard
Date of screening: 20.03.2024
Place of screening: TPO conference hall
Number of students attended: 30

Objective of the event: The objective of screening this movie on World Happiness
Day was to provide relevant portrayals of characters struggling with mental
health difficulties, resilience, personal growth, and the pursuit of happiness.

Brief report: Youth Mental Health Club in association with the Aditya Birla
Foundation held a film screening of ""A Beautiful Mind"" in the TPO conference
hall on 20 March 2024. The movie was around 2 hours 15 minutes long. The movie
was inspired by the life of mathematician John Nash, this biographical drama
depicts his struggles with schizophrenia and his journey toward recovery and
academic success. It offers insights into the challenges of living with mental
illness and the power of perseverance. Students watched the movie and analyzed
various elements that they could see in the film. After the end of the film, a
discussion session was organised where students were asked to opine on what they
felt the relevant. The film screening and discussion ended with a vote of thanks
by the convenor Youth Mental Health Club Committee.

event_movie1 [upload/event_movie1.jpg]
event_movie2 [upload/event_movie2.jpg]
event_movie3 [upload/event_movie3.jpg]
event_movie4 [upload/event_movie4.jpg]",event,2026-09-12T05:45:26.770Z,2026-09-12T05:45:26.770Z
61,Inviting Tender for Multifunction Laser Printer and High-Speed Document Scanner,2026-09-03,https://www.cemkolaghat.in/cemk_notice_detail.php?id=QVhuV0RpNk9UQ2xVbXozbU9LOG9FUT09,"Published by: Dept of Central Administration
Date of Publish: 2026-09-03",news,2026-09-12T05:45:51.568Z,2026-09-12T05:45:51.568Z
62,Notice for Admission in B.Tech through (WBJEE Counselling) - 2026,2026-07-07,https://www.cemkolaghat.in/cemk_notice_detail.php?id=VndYN0N3VDRDZTd1N2JPV2lNODdVdz09,"Published by: Dept of Central Administration
Date of Publish: 2026-07-07",news,2026-09-12T05:45:51.569Z,2026-09-12T05:45:51.569Z
63,Inauguration of CEMK Astronomy Club & National Space Day Celebration,21 August 2026,https://cemkolaghat.in/upload/events/Report_Inauguration_Astronomy.pdf,"Report of the


INAUGURATION OF THE CEMK ASTRONOMY CLUB AND NATIONAL SPACE DAY CELEBRATION

Date: 21 August 2026
Venue: J.K.Das Hall (CEMK)
Chief Guest: Dr. Narayan Banerjee, Emeritus Professor, Indian Institute of
Engineering Science and Technology (IIEST), Shibpur


The College of Engineering and Management, Kolaghat (CEMK) opened its new
Astronomy Club on August 21, 2026. The college launched the club during its
National Space Day event. This celebration helped students get excited about
science and space travel.

Famous physicist Dr. Narayan Banerjee was the Chief Guest. He is an Emeritus
Professor at IIEST. In his speech, Dr. Banerjee talked about great careers in
space research. He said student clubs are important for training future
scientists. He then officially declared the CEMK Astronomy Club open.

Astronomy [https://cemkolaghat.in/upload/events/astro2682.png]
Astronomy [https://cemkolaghat.in/upload/events/astro2681.png]

Click here to view the complete report
[https://cemkolaghat.in/upload/events/Report_Inauguration_Astronomy.pdf]",event,2026-09-12T05:45:51.570Z,2026-09-12T05:45:51.570Z
64,Report on SIH 2026,12 August 2026,https://cemkolaghat.in/upload/events/Report_SmartIndiaHackathon2026.pdf,"Report of the


SIH 2026

Date: 12 August 2026
Chief Guest: Technical Activities Committee (TAC) In collaboration with
Intitutions' Innovation Council (IIC)


Subject: A comprehensive technical report on Team Formation, Internal
Evaluation, and Team Selection for Smart India Hackathon (SIH) 2026, detailing
the structure, participation, evaluation process, and problem statements of the
event.

Executive Summary: The Technical Activities Committee (TAC), in association with
the Institution's Innovation Council (IIC), CEMK, conducted the Team Formation,
Internal Evaluation, and Team Selection process for Smart India Hackathon (SIH)
2026. This report documents the registration of student teams, the composition
of the internal evaluation panels, the teams shortlisted for the next round, and
the complete set of problem statements available for selection.

Astronomy [https://cemkolaghat.in/upload/events/sih261.png]
Astronomy [https://cemkolaghat.in/upload/events/sih262.png]

Click here to view the complete report
[https://cemkolaghat.in/upload/events/Report_SmartIndiaHackathon2026.pdf]",event,2026-09-12T05:45:51.570Z,2026-09-12T05:45:51.570Z
65,Strengthening Scientific Research and Innovation in HEIs,31 July 2026,https://cemkolaghat.in/upload/events/Report_MIC_activity26.pdf,"Report of MIC activity


STRENGTHENING SCIENTIFIC RESEARCH AND INNOVATION IN HEIS: ANRF SCHEMES AND
OPPORTUNITIES

Date: 31 July 2026
Mode: Online Streaming
Venue: TPO Conference Room
Organized/Promoted by: Ministry of Education’s Innovation Cell (MIC) under the
Institution’s Innovation Council (IIC)
Speaker: Dr. Shivkumar Kalyanaraman, Chief Executive Officer (CEO), Anusandhan
National Research Foundation (ANRF)
Audience: Members of IIC of CEMK


An online session titled ""Strengthening Scientific Research and Innovation in
HEIs: ANRF Schemes and Opportunities"" was streamed on 31 July 2026 as part of
the MIC–IIC initiative. The IIC members from our institution attended the
session through online streaming at the TPO Conference Room.

Film Photography [https://cemkolaghat.in/upload/events/hei_anrf261.png]
Film Photography [https://cemkolaghat.in/upload/events/hei_anrf262.png]

Click here to view the complete report
[https://cemkolaghat.in/upload/events/Report_MIC_activity26.pdf]",event,2026-09-12T05:45:51.571Z,2026-09-12T05:45:51.571Z
66,Report on Business Plan Competition,"27 May, 2026",https://cemkolaghat.in/upload/events/Report_Business_Plan_Competetion_26.pdf,"Report on


BUSINESS PLAN COMPETITION ORGANIZED BY IIC

College of Engineering and Management, Kolaghat
Date: 27 May, 2026

Introduction:
To nurture entrepreneurial thinking among students, the Institution’s Innovation
Council organized a Business Plan Competition during April–May 2026. The
competition was conducted in two stages. In the first stage, students submitted
the synopsis of their business plans, outlining the problem they intended to
solve, the uniqueness of their solution, market potential, and implementation
strategy. The shortlisted teams then advanced to the final round held on 27th
May 2026, 2:00 PM in the TPO Conference Room where they presented and
demonstrated their business models before an expert jury.

Film Photography [https://cemkolaghat.in/upload/events/bp261.png]
Film Photography [https://cemkolaghat.in/upload/events/bp262.png]

Click here to view the complete report
[https://cemkolaghat.in/upload/events/Report_Business_Plan_Competetion_26.pdf]",event,2026-09-12T05:45:51.571Z,2026-09-12T05:45:51.571Z
67,Technical Report on CODING COMPETITION 2026,17th June 2026,https://cemkolaghat.in/upload/events/C_Coding_Competition_2K26_Report.pdf,"Official Event Report


CODING COMPETITION 2026

Annual Coding Competition

C Programming — MCQ Round | Implementation Round
Total Registered Participants: 118 | Labs Utilized: 6
Date: 17th June 2026
Organised by: Technical Activities Committee (TAC)
College of Engineering and Management, Kolaghat
Subject: A comprehensive technical report on the Intra-College Coding
Competition organized by all the departments of the college, detailing the event
structure participating teams, judging process, and final results.
Report Prepared by: Prof. Soumitra De (Convener, Technical Activities)
Co. Managed by: Subhrangsu Das (CSE/23/115)
Date: June, 2026

Introduction:
The C Coding Competition 2K26 was organised by the Technical Activities
Committee (TAC) of the College of Engineering and Management, Kolaghat (CEMK) as
the concluding flagship technical event of the 2025–26 academic year. The
competition was designed to test students’ proficiency and problem-solving
ability in the C programming language, spanning both conceptual knowledge and
practical implementation.

Film Photography [https://cemkolaghat.in/upload/events/coding261.png]
Film Photography [https://cemkolaghat.in/upload/events/coding262.png]

Click here to view the complete report
[https://cemkolaghat.in/upload/events/C_Coding_Competition_2K26_Report.pdf]",event,2026-09-12T05:45:51.572Z,2026-09-12T05:45:51.572Z
68,Technical Report on ROBOTICS 2K26,"June, 2026",https://cemkolaghat.in/upload/events/Robotics_2K26_Events_Report1.pdf,"Official Event Report


ROBOTICS 2K26

Annual Robotics Competition

College of Engineering & Management, Kolaghat (CEMK)
Subject: A comprehensive technical report on the Intra-College Robotics
Competition organized by all the departments of the college, detailing the event
structure, participating teams, judging process, and final results.
Report Prepared by: Prof. Soumitra De (Convener, Technical Activities)
Co. Managed by: Subhrangsu Das (CSE/23/115)
Date: June, 2026

Introduction:
Robotics 2K26 brought together student teams from across departments to design,
build, and operate autonomous and remote-controlled robots in three competitive
formats: Line Follower, Robo Race, and Robo War. The event aimed to encourage
hands-on engineering skills, teamwork, and innovation in embedded systems and
robotics.

Film Photography [https://cemkolaghat.in/upload/events/robo261.png]
Film Photography [https://cemkolaghat.in/upload/events/robo262.png]

Click here to view the complete report
[https://cemkolaghat.in/upload/events/Robotics_2K26_Events_Report1.pdf]",event,2026-09-12T05:45:51.573Z,2026-09-12T05:45:51.573Z
69,Report on IIC Activity: National Technology Day,19-05-2026,https://cemkolaghat.in/upload/events/IIC_Report_NationalTechnologyDay.pdf,"IIC CELEBRATION ACTIVITY

Activity Name: TechTalks: Emerging Technology PPT Showcase
Date: 19-05-2026
Time: 9:00 am to 5:00 pm
Venue: W 202 and W305 of CEMK
Level of activity: 2
Audience / Participants: Students, Faculty and Staff members of CEMK
Mode: Offline
Total Participants: 42

Objective of the event: The objective of the event was to celebrate National
Technology Day by creating awareness among undergraduate engineering students
about emerging and innovative technologies. The activity aimed to encourage
students to explore recent technological advancements and present their ideas
effectively through PowerPoint presentations. It also intended to enhance
students’ technical knowledge, communication skills, creativity, and confidence
while promoting a culture of innovation and learning under the Institution’s
Innovation Council (IIC).

IIC Event [https://cemkolaghat.in/upload/events/iic_acvity26_51.png]
IIC Event [https://cemkolaghat.in/upload/events/iic_acvity26_52.png]

Click here to view the complete report
[https://cemkolaghat.in/upload/events/IIC_Report_NationalTechnologyDay.pdf]",event,2026-09-12T05:45:51.573Z,2026-09-12T05:45:51.573Z
70,Technical Report on Short Film Competition & Photography Competition,"March 28, 2026",https://cemkolaghat.in/upload/events/Report_ShortFilm_Photography1.pdf,"Report on


SHORT FILM COMPETITION & PHOTOGRAPHY COMPETITION

College of Engineering & Management, Kolaghat (CEMK)
Subject: A comprehensive technical report on the Intra-College Short Film
Competition and Photography Competition, held in March 2026, detailing the
structure, participant information, judging process, and final results of both
events.
Report Prepared by: Prof. Soumitra De (Convener, Technical Activities)
Co. Managed by: Subhrangsu Das (CSE/23/115)
Date: March 28, 2026

1.0 Executive Summary:
This report documents the successful execution of two major creative events —
the Intra-College Short Film Competition and the Photography Competition —
organized by the Department of Computer Science and Engineering at the College
of Engineering and Management, Kolaghat. Both events were conducted in March
2026 and were designed to nurture visual storytelling, artistic vision, and
technical creativity among students across all departments.

Film Photography [https://cemkolaghat.in/upload/events/film_photo261.png]
Film Photography [https://cemkolaghat.in/upload/events/film_photo262.png]

Click here to view the complete report
[https://cemkolaghat.in/upload/events/Report_ShortFilm_Photography1.pdf]",event,2026-09-12T05:45:51.574Z,2026-09-12T05:45:51.574Z
71,Technical Report on Inter-College Hackathon,18th April 2026,https://cemkolaghat.in/upload/events/Report_Inter_College_Hackathon_261a.pdf,"Report on


INTER-COLLEGE HACKATHON

College of Engineering & Management, Kolaghat (CEMK)
Subject: A comprehensive technical report on the Inter-College Hackathon
organized by the Department of Computer Science and Engineering, detailing the
event structure, participating teams, judging process, and final results.
Report Prepared by: Prof. Soumitra De (Convener, Technical Activities)
Co. Managed by: Subhrangsu Das (CSE/23/115)
Date: 18th April 2026

1.0 Executive Summary:
This report documents the Inter-College Hackathon organized by the Department of
Computer Science and Engineering at the College of Engineering and Management,
Kolaghat. The event brought together student teams from within the college to
ideate, build, and present innovative solutions in a single competitive round. A
total of 14 teams participated, spanning hardware prototypes and software
applications including websites and mobile apps.

Hackathon [https://cemkolaghat.in/upload/events/hackathon261.png]
Hackathon [https://cemkolaghat.in/upload/events/hackathon262.png]

Click here to view the complete report
[https://cemkolaghat.in/upload/events/Report_Inter_College_Hackathon_261a.pdf]",event,2026-09-12T05:45:51.575Z,2026-09-12T05:45:51.575Z
72,Report on Annual Sports Meet (ATHLEEMA- 2026),"March 28, 2026",https://cemkolaghat.in/upload/events/Report_AnnualSports_2026c.pdf,"Report on


REPORT ON ANNUAL SPORTS MEET (ATHLEEMA- 2026)

College of Engineering & Management, Kolaghat (CEMK)
By Sports Committee
Date: March 28, 2026

Introduction:
The Annual Sports Meet 2026 of the College of Engineering and Management,
Kolaghat, titled ""Athleema - 2K26, "" was held on 28th March 2026 at the College
Ground. This highly anticipated event served as a celebration of energy,
enthusiasm, and sportsmanship. The meet was graced by the esteemed Chief Guest,
Mr. Bhaskar Ganguly, the legendary figure in Indian Football, whose presence
significantly motivated the participants. Students from various engineering
departments came together to compete, cheer, and create unforgettable memories,
igniting a true spirit of teamwork across the campus.

Film Photography [https://cemkolaghat.in/upload/events/athleema261.png]
Film Photography [https://cemkolaghat.in/upload/events/athleema262.png]

Click here to view the complete report
[https://cemkolaghat.in/upload/events/Report_AnnualSports_2026c.pdf]",event,2026-09-12T05:45:51.575Z,2026-09-12T05:45:51.575Z
73,Report of the Blood Donation Camp (AY 2025-2026),,https://cemkolaghat.in/upload/events/Report_blood_donation26.pdf,"Report of the


BLOOD DONATION CAMP (AY 2025-2026)

On Wednesday, 8th April 2026, 10:00 am to 12:30pm
Organised by
NSS Unit
College of Engineering & Management, Kolaghat (CEMK)

Activities Performed:
A blood donation camp was organized in our College on Wednesday, 8th April 2026.
It was held in the TPO Conference Hall. Total 32 Donors donated blood. All the
preparations such as arrangement of beds, sanitizations etc. were made. A team
of doctors and nurses from the MOIC Panskura SSH Blood Bank reached in time. The
function started around 10:15 am from the family member of faculty and faculty
side of the college donated by Mrs. Baisakhi Maity and Prof.Saundarya Biswas.
The blood collected from this camp was given to the MOIC Panskura SSH Blood
Bank. We arranged for refreshments for those who donated blood in the camp and
they were given certificates.

IIC Event [https://cemkolaghat.in/upload/events/blood261.png]
IIC Event [https://cemkolaghat.in/upload/events/blood262.png]

Click here to view the complete report
[https://cemkolaghat.in/upload/events/Report_blood_donation26.pdf]",event,2026-09-12T05:45:51.576Z,2026-09-12T05:45:51.576Z
74,Report of the YOUTH DAY CELEBRATION,,https://cemkolaghat.in/upload/events/Report_Youthday260113.pdf,"Report oof the


YOUTH DAY CELEBRATION

On Tuesday, 13th January 2026
Organised by
NSS Unit
College of Engineering & Management, Kolaghat (CEMK)

Benefits:
• Promotes active learning and retention of different facts and concepts.
• Encourages collaboration and teamwork among students.
• Makes the celebration interactive and engaging, ensuring active participation.
• Recognizes and rewards knowledge and effort, boosting morale and motivation.
• Strengthens the sense of community and shared purpose among students and
faculty.
• Strengthened the role of the NSS unit in cultural integration and educational
activities within the college.

IIC Event [https://cemkolaghat.in/upload/events/youthday261.png]
IIC Event [https://cemkolaghat.in/upload/events/youthday262.png]

Click here to view the complete report
[https://cemkolaghat.in/upload/events/Report_Youthday260113.pdf]",event,2026-09-12T05:45:51.577Z,2026-09-12T05:45:51.577Z
75,Report of the QUIZ COMPETITION,,https://cemkolaghat.in/upload/events/Report_quiz2026.pdf,"Report of the


QUIZ COMPETITION

On Saturday, 10th January 2026
Organised by
NSS Unit
College of Engineering & Management, Kolaghat (CEMK)

Objectives:
 Encourage Engagement: Motivate students to actively participate in
environmental conservation efforts.
 Promote Critical Thinking: Develop analytical skills by challenging
participants with thought-provoking questions.
 Foster Teamwork: Encourage collaboration and teamwork through group quiz
activities.
 Inspire Action: Drive participants to implement sustainable practices in their
daily lives.

IIC Event [https://cemkolaghat.in/upload/events/event26_quiz1.png]
IIC Event [https://cemkolaghat.in/upload/events/event26_quiz2.png]

Click here to view the complete report
[https://cemkolaghat.in/upload/events/Report_quiz2026.pdf]",event,2026-09-12T05:45:51.577Z,2026-09-12T05:45:51.577Z
76,Celebration of International Women's Day on 27-3-2026 at TCS,,https://cemkolaghat.in/upload/events/Report_TCS_GwP20260327.pdf,"Report on


TCS GROW WITH PURPOSE INITIATIVE (GWP)

Celebration of International Womens’ Day
on 27th March, 2026 at TCS, Gitanjali Park, New Town, Kolkata
with our selected 2027 Passing out batch (Third Year students)

We are pleased to inform that Tata Consultancy Services has invited our students
for the celebration of International Women’s Day on 27th March, 2026 at TCS,
Gitanjali Park, New Town, Kolkata. 45 of our Third Year students participated in
the event. Three other colleges also participated in the program. The program
started with a presentation by senior personnel from TCS on the subject. It was
followed by intense debate on the topic “Degree or skill, which is more
important.” Also there were quiz events. Quite a few of our students
participated in the debate and quiz and won prizes for good performances. It was
a very enriching experience for the students. The program ended with campus tour
and followed by light refreshment.

IIC Event [https://cemkolaghat.in/upload/events/event26_35.png]
IIC Event [https://cemkolaghat.in/upload/events/event26_36.png]

Click here to view the complete report
[https://cemkolaghat.in/upload/events/Report_TCS_GwP20260327.pdf]",event,2026-09-12T05:45:51.578Z,2026-09-12T05:45:51.578Z
77,TCS Grow with Purpose initiative (GwP),,https://cemkolaghat.in/upload/events/Report_TCS_GwP.pdf,"Report on


TCS GROW WITH PURPOSE INITIATIVE (GWP)

At College of Engineering & Management, Kolaghat
On 6th March, 2026 for 2027 passing out batch (Third Year students)

We are pleased to inform that Tata Consultancy Services has selected our college
for TCS Youth Employment Program (YEP) as part of their CSR activities. The
program was inaugurated on 6th March, 2026 at our college. Senior Technical and
HR Personnel from TCS conducted an workshop followed by inaugural session. The
program will continue for 10 weeks at a stretch through which Subject Matter
Experts (SMEs) from TCS will train our Third Year students for employability
readiness. As first batch 65 Third Year students are participating in this
program on hybrid mode. This will continue in batches rotationally to cover all
the Third Year students.

IIC Event [https://cemkolaghat.in/upload/events/event26_33.png]
IIC Event [https://cemkolaghat.in/upload/events/event26_34.png]

Click here to view the complete report
[https://cemkolaghat.in/upload/events/Report_TCS_GwP.pdf]",event,2026-09-12T05:45:51.578Z,2026-09-12T05:45:51.578Z
78,Cognizant Impact Hiring Program,,https://cemkolaghat.in/upload/events/Report_Cognizant_Impact_Hiring_Program.pdf,"Report on


COGNIZANT IMPACT HIRING PROGRAM

At College of Engineering & Management, Kolaghat
On 7th March, 2026 for 2027 passing out batch (Third Year students)

We are pleased to inform that Cognizant Technology Solutions (CTS) has selected
our college for Impact Hiring program as part of their CSR activities. The
program was inaugurated on 7th March, 2026 at our college. Senior Technical and
HR Personnel from Cognizant conducted day long sessions e.g. Workshop, Written
Aptitude Test, Mock Group Discussions, Mock Interviews etc. for our Third Year
students to enhance their employability readiness. Total 125 Third Year (2027
Passing out batch) students participated in the program. Finally Congnizant
shortlisted 40 Third Year students for Industry visit to their facility in
Kolkata.

IIC Event [https://cemkolaghat.in/upload/events/event26_31.png]
IIC Event [https://cemkolaghat.in/upload/events/event26_32.png]

Click here to view the complete report
[https://cemkolaghat.in/upload/events/Report_Cognizant_Impact_Hiring_Program.pdf]",event,2026-09-12T05:45:51.579Z,2026-09-12T05:45:51.579Z
79,Report on IIC Self Driven Activity,08-01-2026 to 18-01-2026,https://cemkolaghat.in/upload/events/Report_Specialized_Coding.pdf,"IIC SELF DRIVEN ACTIVITY

Activity Name: Student Development Program on Specialized Coding
Speaker: Mr. Alok Halder, CEO & MD, PCS Global Pvt. Limited
Date: 08-01-2026 to 18-01-2026
Time: 9:00 am to 12:00 noon
Venue: E201, CEMK
Level of activity: 1
Audience / Participants: 3rd year CSE, CSE(AIML), IT, ECE students
Mode: Offline
Total Participants: 257

Objective of the event: The primary objective of organizing special coding
classes for 3rd year students was to strengthen their programming skills and
technical competencies required for developing innovative solutions. The
initiative aimed to nurture entrepreneurial thinking, enhance problem-solving
abilities, and equip students with the technical foundation necessary to
initiate and sustain their own start-up ventures.

IIC Event [https://cemkolaghat.in/upload/events/iic_acvity26_11.png]
IIC Event [https://cemkolaghat.in/upload/events/iic_acvity26_12.png]

Click here to view the complete report
[https://cemkolaghat.in/upload/events/Report_Specialized_Coding.pdf]",event,2026-09-12T05:45:51.579Z,2026-09-12T05:45:51.579Z
80,Report on IIC Activity - Multi Sector Career Diversification,11-02-2026 (Wednesday),https://cemkolaghat.in/upload/events/Report_Invitation_talk2602.pdf,"IIC and Department of ECE Driven Activity


MULTI SECTOR CAREER DIVERSIFICATION

Speaker: Mr. Kishan Kumar Alumnus of 2016 Batch
Date: 11-02-2026 (Wednesday)
Time: 10:30 am to 12-00 noon
Venue: TPO Conference Room, CEMK
Level of activity: 1
Audience / Participants: 2nd, 3rd and 4th year ECE students
Mode: Offline
Total Participants: 51

Description:Kishan Kumar is a former student of ECE department started his IT
professional with expertise in Oracle technologies and enterprise systems.
Beginning his career at Infosys and later serving as an Oracle Technical
Consultant at TCS, he has demonstrated strong technical proficiency, leadership,
and mentoring abilities. Alongside his corporate career, he has successfully
cleared multiple public sector banking examinations and transitioned into
banking as a Specialist Officer (IT) with Bank of Baroda. He is recognized for
his perseverance, problem-solving skills, and commitment to excellence.

IIC Event [https://cemkolaghat.in/upload/events/iic_acvity26_21.png]
IIC Event [https://cemkolaghat.in/upload/events/iic_acvity26_22.png]

Click here to view the complete report
[https://cemkolaghat.in/upload/events/Report_Invitation_talk2602.pdf]",event,2026-09-12T05:45:51.580Z,2026-09-12T05:45:51.580Z
81,Report on Hands on Experience in Cutting-edge Technologies,20-12-2025 (Saturday),https://cemkolaghat.in/upload/events/Report_Hands_on_Experience_cutting_edge_technology.pdf,"IIC Self Driven Activity


HANDS ON EXPERIENCE IN CUTTING-EDGE TECHNOLOGIES

Speaker: Er. Partha Koley
Date: 20-12-2025 (Saturday)
Time: 10:45 am to 12-20 pm
Venue: TPO Conference Room, CEMK
Level of activity: 1
Audience / Participants: 2nd and 3rd year students
Mode: Offline
Total Participants: 47

Description: Er. Partha Koley, a renowned trainer from Euphoria GenX, Kolkata
has conducted a session on ""Hands on Experience in Cutting-edge Technologies""
for our current Second and Third Year students on 20th Dec. 2025 from 10-45 am
to 12-20 pm. He deliberated upon ever evolving Technology changes in the IT
market. He mentored the students about the current technologies e.g. Cloud
Computing, Sales force, Full Stack Development, which are presently in trends
and are required to begin a startup company of their own.

IIC Event [https://cemkolaghat.in/upload/events/iic_acvity262.png]
IIC Event [https://cemkolaghat.in/upload/events/iic_acvity261.png]

Click here to view the complete report
[https://cemkolaghat.in/upload/events/Report_Hands_on_Experience_cutting_edge_technology.pdf]",event,2026-09-12T05:45:51.580Z,2026-09-12T05:45:51.580Z
82,Smart India Hackathon (SIH) 2025,,,"REPORT ON SMART INDIA HACKATHON (SIH) 2025

A comprehensive technical report on the participation of Team Eureka 2.0 in the
Smart India Hackathon (SIH) 2025 Grand Finale held at QIS College of Engineering
& Technology, Ongole, Andhra Pradesh.

The Smart India Hackathon (SIH) 2025, an initiative by the Ministry of
Education’s Innovation Cell and the All India Council for Technical Education
(AICTE), stands as the world’s premier open innovation model. Team Eureka 2.0,
representing the College of Engineering & Management, Kolaghat (CEMK),
successfully qualified for the Grand Finale of this distinguished competition.

SIH 2025 [upload/events/hackathon251.png]
SIH 2025 [upload/events/hackathon252.png]

Click here to view the complete report
[upload/events/SIH2025_Team_Eureka2_GrandFinale_Report_.pdf]",event,2026-09-12T05:45:51.581Z,2026-09-12T05:45:51.581Z
83,"IIC Celebration Activity - Expert Talk on ""conservation of Energy""",16-12-2025 (Saturday) Time: 10:00 am to 12:30 pm,https://cemkolaghat.in/upload/events/iic_act02.png,"REPORT OF CELEBRATION OF NATIONAL ENERGY CONSERVATION DAY (INDIA)

Activity Name: Expert Talk on ""conservation of Energy""
Date: 16-12-2025 (Saturday) Time: 10:00 am to 12:30 pm
Venue: J K Das auditorium, CEMK
Level of activity: 1
Participants: Students, Faculty and Staff members of CEMK
Mode of Conduction: Offline
Total Participants: 84

Speaker: Er. Tarak Maji, Senior Manager, PS, West Bengal Power Development
Corporation

Objective of the event: To inspire students to merge innovation with
sustainability by highlighting milestones in renewable energy.

IIC Activity [https://cemkolaghat.in/upload/events/iic_act01.png]
IIC Activity [https://cemkolaghat.in/upload/events/iic_act02.png]

Click here to view the complete report
[upload/events/Report_National_Energy_Conservation_Day.pdf]",event,2026-09-12T05:45:51.581Z,2026-09-12T05:45:51.581Z
84,Report of the Webinar,,,"Report of the Webinar
on


EXCITONIC PHOTOVOLTAIC TECHNOLOGY: DEVELOPMENT, STRUCTURE, WORKING MECHANISM,
MATERIALS, OPTIMIZATION, AND DEVICE FABRICATION



Conducted on 23rd December, 2025
Organized by
Department of Basic Sciences & Humanities,
College of Engineering and Management, Kolaghat, WB, India.
KTPP Township, Purba Medinipur, WB - 721171

Platform: Online (Google meet)

The program was conducted to sensitize newly admitted students about responsible
digital behaviour, personal privacy, ethical online conduct, and the
psychological and legal implications associated with misuse of digital devices.

Webinar [upload/events/bbb1.png]
Webinar [upload/events/bbb2.png]

Click here to view the complete report [upload/events/Webinar_report.pdf]",event,2026-09-12T05:45:51.582Z,2026-09-12T05:45:51.582Z
85,Report on General Awareness Program,,,"REPORT ON GENERAL AWARENESS PROGRAM

""PRIVACY, APPROPRIATE BEHAVIOUR WITH DIGITAL DEVICES AND RELATED ISSUES""
Organized by:
Internal Complaints Committee (ICC)
In association with Institution's Innovation Council (IIC)
College of Engineering and Management, Kolaghat (West Bengal)

The program was conducted to sensitize newly admitted students about responsible
digital behaviour, personal privacy, ethical online conduct, and the
psychological and legal implications associated with misuse of digital devices.

Entrepreneurship [upload/events/aaa1.png]
Entrepreneurship [upload/events/aaa2.png]

Click here to view the complete report
[upload/events/Report_Awareness_program25.pdf]",event,2026-09-12T05:45:51.583Z,2026-09-12T05:45:51.583Z
86,"Expert Talk on ""Entrepreneurship Development and Motivation""",18-10-2025 (Saturday) Time: 9:50 am to 12-20 pm,,"REPORT OF MOTIVATIONAL EXPERT SESSIONS BY SUCCESSFUL INNOVATORS & ENTREPRENEURS

Activity Name: Expert Talk on ""Entrepreneurship Development and Motivation""
Date: 18-10-2025 (Saturday) Time: 9:50 am to 12-20 pm
Venue: J K Das auditorium, CEMK
Level of activity: 1
Participants: Students, Faculty and Staff members of CEMK
Mode of Conduction: Offline
Total Participants: 75

Speaker: Sabyasachi Mukhopadhyay, Research Scholar (IIT Kharagpur), Champion
innovator (Google), Vice Chair of IEEE Computer Society Student Branch Chapter
IIT Kharagpur, Google Developer Expert in ML

Entrepreneurship [upload/events/motiv01.jpg]
Entrepreneurship [upload/events/motiv02.jpg]

Click here to view the complete report [upload/events/Motivational_Talk.pdf]",event,2026-09-12T05:45:51.584Z,2026-09-12T05:45:51.584Z
87,Report on Celebration of National Entrepreneurship Day,7/11/2025 Time: 8:30 am – 11:30 am Venue: W305,,"CELEBRATION OF NATIONAL ENTREPRENEURSHIP DAY

Activity Name: Entrepreneurship Idea Competition
Date: 7/11/2025 Time: 8:30 am – 11:30 am Venue: W305
Level of activity: 2
Participants: All Students and Faculty members
Mode of Conduction: Physical



OBJECTIVE OF THE PROGRAM:

The objective of organizing the Entrepreneurship Idea Competition for students
is to encourage innovation, creativity, and an entrepreneurial mindset among
young learners. This event aims to provide a platform for students to showcase
their innovative business ideas and problem-solving abilities, develop skills in
idea generation, value creation, and business model development, foster
confidence in pitching and presenting ideas effectively and promote awareness
about entrepreneurship as a viable career path.



Entrepreneurship [upload/events/ent_day_251.png]
Entrepreneurship [upload/events/ent_day_252.png]

Click here to view the complete report
[upload/events/Report_National_Entrepreneurship_Day.pdf]",event,2026-09-12T05:45:51.584Z,2026-09-12T05:45:51.584Z
88,Technical Report on Intra College Hackathon 2025,,,"Date of Event: 01st November 2025
Venue: College of Engineering & Management, Kolaghat
Organized by: Technical Activities Committee

EXECUTIVE SUMMARY

Technical Activities Committee in association with Institution’s Innovation
Council, CEMK, successfully conducted the Internal Evaluation for Innovative
Concepts of Hackathon 2025 on 01st November 2025. This event served as the
intra-college evaluation platform for innovative ideas/ concepts proposed by
student teams, aimed at addressing real-world problem statements. The Hackathon
provided a structured avenue for students to demonstrate innovation, technical
competency, and collaborative problem-solving.

Hackathon25 [upload/events/hack251.png]
Hackathon25 [upload/events/hack252.png]
Click here to view the complete report [upload/events/Report_ Hackathon25.pdf]",event,2026-09-12T05:45:51.585Z,2026-09-12T05:45:51.585Z
89,Report on 28th College Foundation Day,,,"Report on


28THFOUNDATION DAY CELEBRATION


23rd September, 2025
College of Engineering and Management, Kolaghat

The College of Engineering and Management, Kolaghat came alive with joy and
festivity on 23rd September 2025 as it celebrated its 28th Foundation Day at
Balaka Mancha. The air was filled with excitement as students, faculty, alumni,
and guests gathered to mark this special occasion.

The celebration began at 2:30 p.m. with the Inauguration Ceremony, graced by the
esteemed presence of Sri Biplab Roy Chowdhury, Hon’ble MIC (Independent Charge),
Department of Fisheries, Government of West Bengal, who joined as the Chief
Guest. Adding grandeur to the event were eminent personalities like Dr. Soumen
Kumar Mahapatra, MLA, Tamluk, Sri Surajit Manna, Sabhapati, Kolaghat Panchayat
Samiti, Sri Argha Ghosh, BDO, Kolaghat, and Sri Avishek Ghosh, a proud alumnus
of the College, all of whom inspired the gathering with their encouraging words.

Foundation Day [upload/events/foundation251.png]
Foundation Day [upload/events/foundation252.png]
Click here to view the complete report
[upload/events/Report_Foundation_Day_2025.pdf]",event,2026-09-12T05:45:51.585Z,2026-09-12T05:45:51.585Z
90,"Report on ""Voices of Hope-An Open Mic""",10/9/2025,,"REPORT ON ""VOICES OF HOPE-AN OPEN MIC""

Title of the Event: COPE – Open Mic on Mental Health & Suicide Prevention
Organized by: Mental Health Club, College of Engineering and Management Kolaghat
Under the Aegis of: Institution’s Innovation Council (IIC)
Date: 10/9/2025
Venue: J K Das Auditorium
Mode: Offline

The objective of this event was to promote awareness on mental health, coping
strategies, and suicide prevention among students through creative expression.
By providing an open platform for students to share their thoughts through
dance, music, recitation, speech, and motivational storytelling, the program
aimed to destigmatize discussions around mental well-being and encourage peer
support.

Tech Event [upload/events/cope25_1.jpg]
Tech Event [upload/events/cope25_2.jpg]

Click here to view the complete report [upload/events/Report_COPE25.pdf]",event,2026-09-12T05:45:51.586Z,2026-09-12T05:45:51.586Z
91,Technical Report on Smart India Hackathon 2025,,,"TECHNICAL REPORT ON SMART INDIA HACKATHON 2025

Date of Event: 20th September 2025
Venue: College of Engineering & Management, Kolaghat
Organized by: Technical Activities Committee in association with Institution’s
Innovation Council, CEMK

Technical Activities Committee in association with Institution’s Innovation
Council, CEMK, successfully conducted the Internal Evaluation for Innovative
Projects of SIH 2025 on 20th September 2025. This event served as the
intra-college evaluation platform for innovative projects proposed by student
teams, aimed at addressing real-world problem statements.

The hackathon provided a structured avenue for students to demonstrate
innovation, technical competency, and collaborative problem-solving. The
evaluation further helped shortlist teams for participation in the
national-level Smart India Hackathon 2025.

Click here to view the complete report
[upload/events/Report_SmartIndiaHackathon2025.pdf]",event,2026-09-12T05:45:51.586Z,2026-09-12T05:45:51.586Z
92,Report on Tech Events,,,"Technical Report on Coding Competition and Tech Quiz
College of Engineering and Management, Kolaghat

A comprehensive technical report on the Intra-College Coding Competition and
Tech Quiz, held on September 13, 2025, detailing the structure, participation,
and outcomes of both events.

This report summarizes the successful execution of two major technical events,
the ""Intra-College Coding Competition"" and the ""Tech Quiz,"" organized by the
Department of Computer Science and Engineering. The events, held on September
13, 2025, were designed to assess and enhance the technical and logical
reasoning skills of students from various disciplines. The planning and
execution of these events involved multiple stages and a significant number of
participants, highlighting a strong interest in technical extracurricular
activities within the college. Both events demonstrated a high level of
engagement and competitive spirit.

Tech Event [upload/gc/teche25/tech_coding_01.jpg]
Tech Event [upload/gc/teche25/tech_quiz_05.jpg]

Click here to view the complete report [upload/events/Report_on_Tech_Events.pdf]",event,2026-09-12T05:45:51.590Z,2026-09-12T05:45:51.590Z
93,"Report on ""Real Time Industry Knowledge sharing"" session",,,"held for final year (2026 passing out batch) students
on 30-8-2025 at J K Das Auditorium

The speakers were Mr. Avijit Sengupta, Assistant Consultant, TCS and Mr. Balaram
Manna, Sr. Executive, Atos. Both of them are alumni of CEMK, passed out in 2013.

They discussed and interacted on the following topics:

To gain real-world insights, practical strategies, and soft skills to stand out
in today's competitive job market. How effectively prepare for interviews - The
Importance of Mock Interviews Roadmap for freshers to succeed beyond drives.
Soft skills that make industry-ready and significantly influence hiring chances
61 Final Year students attended the program.



HACKATHON [upload/events/event_20250830_1.png]
HACKATHON [upload/events/event_20250830_2.png]
Click here to view the complete report
[upload/events/Report_RealTimeIndustryKnowledge.pdf]",event,2026-09-12T05:45:51.591Z,2026-09-12T05:45:51.591Z
94,IIC Activity - My story - How to initiate a start-up while working in MNCs,16.11.2024,https://cemkolaghat.in/upload/events/(2024-2025)_01_Overall_Report-16.11.2024.pdf,"IIC Activity - Topic: My story - How to initiate a start-up while working in
MNCs
Date: 16.11.2024
Time: 3:00 pm to 4:00 pm
Venue: J. K. Auditorium

Name of the speaker: Ms. Sahin Sultana Khan, Infosys, Hyderabad

Participants: Final Year students and Faculty

Object of the event: To impart the students how to setup a startup while still
working in a company.

IIC Event [https://cemkolaghat.in/upload/events/iic041.png]
IIC Event [https://cemkolaghat.in/upload/events/iic042.png]

Click here to view the complete report
[https://cemkolaghat.in/upload/events/(2024-2025)_01_Overall_Report-16.11.2024.pdf]",event,2026-09-12T05:45:51.591Z,2026-09-12T05:45:51.591Z
95,IIC Activity Topic: Characteristics and traits required for EdTech startup,28.11.2024,https://cemkolaghat.in/upload/events/(2024-2025)_02_Overall_Report-28.11.2024.pdf,"IIC Activity: Characteristics and traits required for EdTech startup
Date: 28.11.2024
Time: 10-30 am to 12:30 pm
Venue: N210

Name of the speaker: Mr. Gourab Pal, Founder, O2 Academia, EdTech Startup,
Kolkata

Participants: Students and Faculty

Object of the event: To impart the students the knowledge about how to initiate
EdTech Startup company.

IIC Event [https://cemkolaghat.in/upload/events/iic031.png]
IIC Event [https://cemkolaghat.in/upload/events/iic032.png]

Click here to view the complete report
[https://cemkolaghat.in/upload/events/(2024-2025)_02_Overall_Report-28.11.2024.pdf]",event,2026-09-12T05:45:51.592Z,2026-09-12T05:45:51.592Z
96,IIC Activity - National Energy Conservation Day (India),14.12.2024,https://cemkolaghat.in/upload/events/(2024-2025)_03_Overall_Report-14.12.2024.pdf,"IIC Activity Name: National Energy Conservation Day (India)
Date: 14.12.2024
Time: 10:30 am to 12:30 pm
Venue: TPO’s Conference Room

Object of the event: To spread awareness among students, faculty members and
staff members, about the importance and modalities of conservation of energy.

Key outcomes of the activity: All the students and other participants came to
know about the various aspects of conservation of energy and its impact in the
society.

IIC Event [https://cemkolaghat.in/upload/events/iic021.png]
IIC Event [https://cemkolaghat.in/upload/events/iic022.png]

Click here to view the complete report
[https://cemkolaghat.in/upload/events/(2024-2025)_03_Overall_Report-14.12.2024.pdf]",event,2026-09-12T05:45:51.593Z,2026-09-12T05:45:51.593Z
97,"IIC Celebration Activity Name: 5th Anniversary of National Education Policy
(NEP) 2020",,https://cemkolaghat.in/upload/events/(2024-2025)_04_Overall_Report_29.07.2025.pdf,"IIC Celebration Activity Name: 5th Anniversary of National Education Policy
(NEP) 2020


EXPERT TALK ON “HIGHLIGHTING NEP 2020'S VISION FOR INTERDISCIPLINARY INNOVATION
AND CROSS SECTOR ENTREPRENEURSHIP”

Object of the event: To raise awareness among students, faculty, staff, and
other stakeholders about the key reforms introduced by the National Education
Policy (NEP) 2020 in the Indian education system, including its emphasis on
holistic, multidisciplinary, and flexible learning approaches.

IIC Event [https://cemkolaghat.in/upload/events/iic011.png]
IIC Event [https://cemkolaghat.in/upload/events/iic012.png]

Click here to view the complete report
[https://cemkolaghat.in/upload/events/(2024-2025)_04_Overall_Report_29.07.2025.pdf]",event,2026-09-12T05:45:51.593Z,2026-09-12T05:45:51.593Z
98,International Yoga Day Celebration 2025,,,"Report of the


INTERNATIONAL YOGA DAY

on
Saturday, 21/06/2025

Yoga is more than just a form of physical exercise—it is a way of life that
promotes harmony between the body, mind, and soul. Rooted in ancient Indian
philosophy, yoga has evolved over thousands of years, yet its core principles
remain the same: mindfulness, balance, and inner peace. Today, yoga is practiced
all over the world by people of all ages and backgrounds, offering numerous
physical, mental, and emotional benefits. At its core, yoga involves a
combination of physical postures (asanas), breath control (pranayama), and
meditation (dhyana). These elements work together to enhance physical
flexibility, build muscle strength, improve posture, and boost energy levels.

International Yoga Day Celebration 2025 [upload/events/yoga25_1.jpg]
International Yoga Day Celebration 2025 [upload/events/yoga25_2.jpg]

Click here to view the complete report
[upload/events/International_Yoga_Day_Report_2025.pdf]",event,2026-09-12T05:45:51.594Z,2026-09-12T05:45:51.594Z
99,Report on Inter-Departmental Sports 2K25,,,"Report of the


REPORT ON INTER-DEPARTMENTAL SPORTS 2K25

Organized by: Sports Committee, CEMK

Interdepartmental sports at the College of Engineering and Management, Kolaghat
foster a spirit of healthy competition, unity, and teamwork among students
across various engineering disciplines. Sports like cricket, football,
volleyball, badminton, table tennis, and athletics serve not only as a platform
to showcase talent but also to build camaraderie and leadership skills among
students. The vibrant atmosphere during these competitions reflects the dynamic
and holistic student culture of CEMK, emphasizing the importance of physical
fitness and sportsmanship alongside academic excellence.

Inter-Departmental Sports 2K25 [upload/events/idsports1.jpg]
Inter-Departmental Sports 2K25 [upload/events/idsports2.jpg]

Click here to view the complete report
[upload/events/Report_Inter_Departmental_Sports_2025.pdf]",event,2026-09-12T05:45:51.594Z,2026-09-12T05:45:51.594Z
100,Fire Extinguisher Training Session,,,"Report of the


FIRE EXTINGUISHER TRAINING SESSION

On 4th June 2025
Venue: Mechanical Workshop Ground
Organized by: Department of Estate Campus Services (ECS), CEMK
Trainer: M/S Global Fire Service, Kamardaha, Kantapukur, Bagnan

To enhance fire safety awareness and emergency preparedness, a Fire Extinguisher
Training Session was conducted at the College of Engineering & Management,
Kolaghat on 4th June 2025. The training was specially arranged for faculty
members, non-teaching staff, and security personnel, reaffirming our commitment
to a secure campus environment.

Fire Extinguisher Training Session [upload/events/fire1.jpg]
Fire Extinguisher Training Session [upload/events/fire2.jpg]

Click here to view the complete report
[upload/events/Fire_Extinguisher_Training_Session.pdf]",event,2026-09-12T05:45:51.595Z,2026-09-12T05:45:51.595Z
101,"Report of one-day workshop on ""POSH""",,,"I. OBJECTIVE:

This workshop aims at making CEMK a safe, ethical and productive workplace
through ""POSH (Prevention of Sexual Harassment)"". This is another step in
ascertaining that our workplace remains a safe and inclusive space with equal
opportunities for all.

II. DATE AND VENUE:

This workshop took place on 17th May, 2025 at the JK Das Auditorium of College
of Engineering and Management, Kolaghat(WB).

III. RESOURCE PERSON:

Dr. Apala Chatterjee, Consultant Counsellor, Kolkata(WB)

One-day workshop on POSH [upload/events/posh1.png]
One-day workshop on POSH [upload/events/posh2.png]
Click here to view the complete report [upload/events/Report_workshop1_POSH.pdf]",event,2026-09-12T05:45:51.596Z,2026-09-12T05:45:51.596Z
102,Report on Rabindra Jayanti Celebration - 2K25,,,"Report on


RABINDRA JAYANTI CELEBRATION - 2K25

College of Engineering & Management, Kolaghat


BY RABINDRA JAYANTI CELEBRATION COMMITTEE, MAY 9, 2025

Rabindra Jayanti Celebration - 2K25 [upload/events/rabindra_2025.png]

The College of Engineering and Management, Kolaghat, celebrated Rabindra Jayanti
with great reverence, energy, and enthusiasm. The event was a tribute to the
literary giant Rabindranath Tagore, whose legacy of literature, music, and
philosophy continues to inspire generations. The program was a harmonious blend
of music, dance, poetry, and speeches, reflecting Tagore’s multifaceted genius.

The program commenced with an Inauguration Speech by the Director Dr. Prof.
Dilip Gayen, setting a warm and respectful tone for the day. The ceremonial
adornment with floral garland marked the official beginning of the celebration.


Click here to view the complete report
[upload/events/Report_RabindraJayanti_2025.pdf]",event,2026-09-12T05:45:51.596Z,2026-09-12T05:45:51.596Z
103,Report of the Blood Donation Camp 2024-2025,,,"Report of the


BLOOD DONATION CAMP (AY 2024-2025)

On Saturday, 3 May 2025, 10:00 am to 3:00pm
Organized by NSS and NCC Unit
College of Engineering & Management, Kolaghat (CEMK)
KTPP Township, Purba Medinipur, WB-721171

A blood donation camp was organized in our College on Saturday, 3rd May 2025. It
was held in the TPO Conference Hall. Total 50 Donors donated blood. All the
preparations such as arrangement of beds, sanitization etc. were made. A team of
doctors and nurses from the MOIC Panskura SSH Blood Bank reached in time.

Cycle Rally 2024-25 [upload/events/blood_don_1.png]
Cycle Rally 2024-25 [upload/events/blood_don_2.png]

Click here to view the complete report
[upload/events/Blood_donationn_camp_2025.pdf]",event,2026-09-12T05:45:51.597Z,2026-09-12T05:45:51.597Z
104,Report on Cycle Rally 2024-25,,,"Report of the


CYCLE RALLY 2024-25

Organized by NSS Unit
College of Engineering & Management, Kolaghat (CEMK)
KTPP Township, Purba Medinipur, WB-721171

Cycle rallies offer numerous benefits, including promoting physical health,
encouraging sustainable practices, and fostering social interaction. By cycling
together, participants can improve their fitness, reduce their carbon footprint,
and connect with others who share a passion for cycling and environmental
responsibility.

Blood Donation Camp 2024-25 [upload/events/cyclerally1.png]
Blood Donation Camp 2024-25 [upload/events/cyclerally2.png]

Click here to view the complete report [upload/events/Cycle_rally_2025.pdf]",event,2026-09-12T05:45:51.598Z,2026-09-12T05:45:51.598Z
105,Report on Tree Plantation 2024-25,,,"REPORT ON THE
TREE PLANTATION 2024-25
ORGANISED BY:
NSS UNIT, COLLEGE OF ENGINEERING & MANAGEMENT, KOLAGHAT

Tree plantation offers numerous benefits, including environmental improvements
like cleaner air and water, climate change mitigation through carbon
sequestration, and habitat creation for wildlife. Economically, it can create
jobs and enhance agricultural productivity. Furthermore, trees contribute to a
sense of well-being by reducing stress and promoting physical activity.

Tree Plantation 2024-25 [upload/events/tree1.jpg]
Tree Plantation 2024-25 [upload/events/tree2.jpg]

Click here to view the complete report [upload/events/Tree_Plantation.pdf]",event,2026-09-12T05:45:51.598Z,2026-09-12T05:45:51.598Z
106,Report of the YOGA CAMP-2025,,,"REPORT OF THE
YOGA CAMP-2025
ON
WEDNESDAY, 23/04/2025
ORGANISED BY:
NSS UNIT, COLLEGE OF ENGINEERING & MANAGEMENT, KOLAGHAT

Yoga is more than just a form of physical exercise—it is a way of life that
promotes harmony between the body, mind, and soul. Rooted in ancient Indian
philosophy, yoga has evolved over thousands of years, yet its core principles
remain the same: mindfulness, balance, and inner peace. Today, yoga is practiced
all over the world by people of all ages and backgrounds, offering numerous
physical, mental, and emotional benefits.

YOGA CAMP-2025 [upload/events/yoga_1.jpg]
YOGA CAMP-2025 [upload/events/yoga_2.jpg]

Click here to view the complete report [upload/events/Report_YOGA_2.pdf]",event,2026-09-12T05:45:51.599Z,2026-09-12T05:45:51.599Z
107,Report on Poster Making Competition - 2025,,,"EVENT: REPORT: POSTER MAKING COMPETITION
DATE OF EVENT: 12TH APRIL, 2025
SUBMISSION DATE: 22ND APRIL, 2025
VENUE OF SUBMISSION: ROOM NO.: W212

To raise awareness about the importance of environmental conservation, the NSS
Unit of College of Engineering and Management,Kolaghat organized a Slogan Event
followed by an Environmental Awareness Rally on 19April,2025. The event aimed to
encourage students to think critically about environmental issues and to
actively participate in spreading awareness within the campus community.

poster_event_2025 [upload/events/poster_comp1.jpg]
poster_event_2025 [upload/events/poster_comp2.jpg]
poster_event_2025 [upload/events/poster_comp3.jpg]

Click here to view the complete report [upload/events/poster_event_2025.pdf]",event,2026-09-12T05:45:51.599Z,2026-09-12T05:45:51.599Z
108,Report on Environmental Awarnwss Slogan Event & Rally,,,"ORGANIZED BY
NSS UNIT, COLLEGE OF ENGINEERING AND MANAGEMENT,KOLAGHAT
DATE: 19TH APRIL,2025
VENUE: COLLEGE CAMPUS

To raise awareness about the importance of environmental conservation, the NSS
Unit of College of Engineering and Management,Kolaghat organized a Slogan Event
followed by an Environmental Awareness Rally on 19April,2025. The event aimed to
encourage students to think critically about environmental issues and to
actively participate in spreading awareness within the campus community.

Slogan-Event-2025 [upload/events/slogan1.jpg]
Slogan-Event-2025 [upload/events/slogan2.jpg]

Click here to view the complete report [upload/events/slogan_event_2025.pdf]",event,2026-09-12T05:45:51.600Z,2026-09-12T05:45:51.600Z
109,"Report on Departmental Coding Competition, CSE 2025",,,"A REPORT

ON

DEPARTMENTAL CODING COMPETITION

ORGANIZED BY
CSE DEPT. CODING CLUB

The primary objective of coding competition or competitive programming is to
enhance participants problem-solving skills, particularly in the realm of
algorithm design and computational thinking. These competitions aim to evaluate
and improve a programmer’s ability to analyze problems, develop efficient
solutions, and write code within time and resource constraints.

In our department we have organized coding competition on April 16 & 17 through
rigorous evaluation process and finally we have rewarded top three teams with
some coding kits. In our competition 5 teams of total 20 participants showcasing
their innovative research ideas in physical mode. Mostly their work has inclined
with machine learning related problems. All the participants achieved the
requirements for their own-work. In our entire competition we have maintained
strict evaluation methodology and documentation.

Click here to view the complete report
[upload/events/CodingCompetitionReport_CSE2025.pdf]",event,2026-09-12T05:45:51.601Z,2026-09-12T05:45:51.601Z
110,"Report on Alumni Reunion held on 1st March, 2025",,https://cemkolaghat.in/alumni_2025.php,"First formal Alumni Reunion-2025 was held on 1st March 2025 with pomp and
grandeur. This was organized by CEMK Alumni Association. Altogether 155 alumni
members across 23 passout batches from 2002 to 2024 participated in the event.
The reunion was inaugurated by the Director Prof. (Dr.) Dilip Kumar Gayen. In
his inaugural speech, he stressed upon the more active participation of Alumni
members for the all round development of CEMK. Prof. (Dr.) Debiprasad
Chakraborty, the secretary of the CEMK Alumni Association, elaborated about
alumni related activities and accounts in the past year for information of all
the participants.

Alumni-Reunion-2025 [upload/events/report_alumni1.jpg]
Alumni-Reunion-2025 [upload/events/report_alumni2.jpg]
Alumni-Reunion-2025 [upload/events/report_alumni4.jpg]
Alumni-Reunion-2025 [upload/events/report_alumni3.jpg]

Alumni Reunion 2025 Webpage [https://cemkolaghat.in/alumni_2025.php]
Click here to view the complete report [upload/events/AlumniReunion2025.pdf]",event,2026-09-12T05:45:51.601Z,2026-09-12T05:45:51.601Z
111,ICTEA-2025 Report,06/01/2025 to 10/01/2025,https://cemkolaghat.in/cse_ictea_2025.php,"A REPORT

ON

FACULTY DEVELOPMENT PROGRAM

Title:
Intelligent Computing Techniques and Its Engineering Applications (ICTEA-2025)

Organized by:
Department of Computer Science and Engineering (NBA Accredited)
College of Engineering and Management, Kolaghat (CEMK)

Duration of FDP:
Date: 06/01/2025 to 10/01/2025

Objective of the FDP:
The Faculty Development Program (FDP) on ""Intelligent Computing Techniques and
Its Engineering Applications (ICTEA-2025)"" aims to offer participants a
comprehensive overview of the latest developments and trends in Computing
Techniques. The objectives of this FDP include: i) Enhancing knowledge and
skills, ii) Providing theoretical and practical exposure, iii) Encouraging
research and innovation. In summary, this FDP serves as a platform for
educators, researchers, and industry professionals to stay updated on the latest
advancements in Computing Techniques, paving the way for the next generation of
Computer Science.

Participants:
Faculty members of the AICTE approved institutions, Research scholars, PG
Scholars, participants from Government, Industry Bureaucrats/Technicians/
Professionals/ School Teachers and faculties of host institutions nominated by
the head of the institutions.

Participation Statistics:
Number of different states of India from where the participants registered: 20
Number of different countries outside India from where the participants
registered: 3
Total number of Registered Participants: 1540
Number of different organizations from where the participants registered: 500+
Number of different disciplines from where the participants registered: 200+


ICTEA-2025 [upload/events/ictea1.png]
ICTEA-2025 [upload/events/ictea2.png]
ICTEA-2025 [upload/events/ictea3.png]

ICTEA-2025 Webpage [https://cemkolaghat.in/cse_ictea_2025.php]
Click here to view the complete report [upload/events/ICTEA2025_Report.pdf]",event,2026-09-12T05:45:51.602Z,2026-09-12T05:45:51.602Z
112,Poster Making Competition (6/03/25-11/03/25),,,"COLLEGE OF ENGINEERING & MANAGEMENT, KOLAGHAT (CEMK)

REPORT OF THE

POSTER MAKING COMPETITION

ON 28/2/2025 AND 12/03/2025

ORGANIZED BY: NSS CEMK UNIT



The NSS CEMK Unit has organized a Poster Making Competition aimed at promoting
social awareness through creative expression. The event encourages students to
showcase their artistic talents while addressing crucial societal issues. The
best posters will be displayed across the campus and featured in the SCI-Tech
Quiz Final.



EVENT DETAILS

Organizer: NSS CEMK Unit
Event Type: Poster Making Competition
Duration: March 6, 2025 – March 11, 2025
Venue for Submission: Room No. W212
Display of Top Posters: March 12, 2025, at JK Das Auditorium during the SCI-Tech
Quiz Final
Click here to view the complete report
[upload/events/Postermakingcompetition2025_Report.pdf]",event,2026-09-12T05:45:51.602Z,2026-09-12T05:45:51.602Z
113,Quiz on Science & Technology (28/2/2025 and 12/03/2025),,,"REPORT OF THE

QUIZ ON SCIENCE & TECHNOLOGY

ON FRIDAY, 28TH FEBRUARY,2025 AT 12:20PM – 1:40PM & 12TH MARCH,2025 AT 3:20PM –
5:00PM

ORGANISED BY
NSS UNIT
COLLEGE OF ENGINEERING & MANAGEMENT, KOLAGHAT (CEMK)
KTPP TOWNSHIP, PURBA MEDINIPUR, WB-721171
AY- 2024-2025

Click here to view the complete report [upload/events/Sci_techquiz2025.pdf]",event,2026-09-12T05:45:51.603Z,2026-09-12T05:45:51.603Z
114,Celebration of the 27th Foundation Day,,,"REPORT ON

CELEBRATION OF THE 27TH FOUNDATION DAY

COMMEMORATED ON

23RD SEPTEMBER, 2024 AT BALAKA MANCHA

Celebration of the 27th Foundation Day [upload/foundation2.png]

Foundation Day is a significant occasion that marks the establishment of an
organization, institution, or community. It serves as a reminder of the values,
missions, and vision that initiated the journey of the entity.

The 27th Foundation Day of the college was celebrated on 23rd September, 2024 at
'Balaka Mancha' during 2:00 – 6:00 PM. Through this event, we commemorated our
journey, achievements, and aspirations for the future. The celebration aimed to
foster a sense of community and pride among attendees, highlighting the values
and vision instilled since the institution's inception.

Click here to view the complete report
[upload/events/Report_of_27th_Foundation_Day.pdf]",event,2026-09-12T05:45:51.604Z,2026-09-12T05:45:51.604Z
115,Report on Entrepreneurship Idea Competition,,,"Entrepreneurship Idea Competition [upload/eic01.jpg]
Organized by
Departmental Innovation Council
Department of Computer Science and Engineering
(NBA Accredited)
College of Engineering and Management, Kolaghat



INTRODUCTION

The Entrepreneurship Competition serves as a platform to highlight innovative
business ideas and entrepreneurial talent. This report provides an overview of
the competition, including its objectives, participant, evaluation criteria, and
key outcomes.

DESCRIPTION OF THE EVENT

A talk on entrepreneurship was organized on 14/08/2024 by Mr. Sabyasachi
Mukhopadhyay to inspire students to pursue entrepreneurship. Then, as part of
the event, students were invited to submit a synopsis of their entrepreneurship
proposals. Following this, they were asked to present their ideas for evaluation
on 12/02/2025.

Details of Participants with Topics:

Participant NameTopicSirsha Karmakar & M. Raja SadhvikaMASTERCARESudip Ghosh &
Souvik BanerjeeTek CodingAnkita SahaTOPSY_TURVYRupayan PanjaADDY_
StartupSubhankar BoseImpactMediaPuskar Kumar Prasad, Ranit Das & Pulagam
AbhimanyuElectronics Service any TimeArghya Das and M Hari KishoreNutriTrack
proposalChinmoy GoswamiECO Friendly Subscription Box BusinessAditya
BanerjeeFreedomSaikat JanaSmartServeTech

Criteria

Participant NameDescriptionRating (1-5)1. Idea ClarityClear explanation of the
business idea, its goals, and vision. 2. Innovation & CreativityUniqueness of
the idea and its ability to stand out in the market. 3. Problem
IdentificationClear identification of the problem the idea solves, and relevance
to the target market. 4. Market UnderstandingKnowledge of target audience,
industry trends, and competition 5. Feasibility & ViabilityPracticality of
implementation and the potential for success 6. Business ModelClear explanation
of how the business will make money 7. Presentation SkillsQuality of delivery:
confidence, clarity, engagement, and professionalism 8. Financial
ProjectionsRealistic financial forecasts, including cost structure and revenue
projections. 9. Potential for Growth / ScalingAbility to scale the idea or adapt
to changing market conditions. 10. Social / Environmental ImpactPositive social
or environmental impact of the business idea. 

NAME AND AFFILIATION OF EXPERTS:

 * Dr. Chinmoy Maity, Assistant Professor, CEMK
 * Dr. Alok Ranjan Pal, Assistant Professor, CEMK
 * Prof. Soumitra De, Assistant Professor, CEMK

ORGANIZING MEMBERS:

 * Prof. Lipika Datta (Convenor)
 * Dr. Chinmoy Maity
 * Dr. Alok Ranjan Pal
 * Prof. Soumitra De

NOMINATED TOP TEAMS DETAILS:

 * Sudip Ghosh & Souvik Banerjee
 * Ankita Saha
 * Arghya Das & M Hari Kishore

Click here to view the complete report
[upload/events/Report_Entrepreneurship_idea_competition.pdf]
Entrepreneurship Idea Competition [upload/eic02.jpg]
Entrepreneurship Idea Competition [upload/eic03.jpg]
Entrepreneurship Idea Competition [upload/eic04.jpg]

CONCLUSION

The Entrepreneurship Idea Competition organized by the CSE Department of College
of Engineering and Management Kolaghat has successfully provided a platform for
students to showcase their innovative ideas, entrepreneurial spirit, and
problem-solving skills. This competition not only encouraged creativity but also
fostered a sense of collaboration and teamwork among participants. The
enthusiasm, dedication, and hard work exhibited by all the teams were truly
inspiring, reflecting the bright future of entrepreneurship.

ACKNOWLEDGEMENT

We would like to extend our heartfelt gratitude to the Director of College of
Engineering and Management Kolaghat for for providing all types of facilities
and resources for organizing this event. A special thank to TPO sir, the faculty
members and the judges who worked tirelessly behind the scenes to make this
event a success. Their unwavering support, guidance, and dedication made this
event possible. We also appreciate the active participation of all the students
who presented their ideas, as well as the audience for their encouragement and
enthusiasm.",event,2026-09-12T05:45:51.604Z,2026-09-12T05:45:51.604Z
116,"Infosys on-campus drive on 3rd and 4th January, 2025",,,"Infosys on-campus drive [upload/infosys2025_1.jpeg]
Infosys on-campus drive [upload/infosys2025_2.jpeg]
Infosys on-campus drive [upload/infosys2025_3.jpeg]
Infosys on-campus drive [upload/infosys2025_4.jpeg]",event,2026-09-12T05:45:51.605Z,2026-09-12T05:45:51.605Z
117,REPORT ON HACKATHON – VERSION 3.0,,,"College of Engineering & Management, Kolaghat


ORGANIZED BY DEPARTMENT OF COMPUTER SCIENCE AND ENGINEERING (NBA ACCREDITED)

A hackathon is a collaborative event where people come together to solve
problems, build projects, and share ideas. A hackathon is a timed event where
teams of developers, software engineers, and business experts work together to
create a prototype or finished product. The goal is to design, build, and
present an innovative solution to a problem.

HACKATHON [upload/events/hackathon1.png]
HACKATHON [upload/events/hackathon2.png]
Click here to view the complete report [upload/events/HackathonReport.pdf]",event,2026-09-12T05:45:51.606Z,2026-09-12T05:45:51.606Z
118,"Thalassaemia Camp held on 25 September, 2024",,,"College of Engineering & Management, Kolaghat (CEMK NSS team) organized a
Thalassaemia test Camp on 25th September 2024 for students.
Venue: TPO Conference room
Time: 11:30am onwards.
event_Thalassaemia1 [upload/event2_1.jpg]
event_Thalassaemia2 [upload/event2_2.jpg]
event_Thalassaemia3 [upload/event2_3.jpg]",event,2026-09-12T05:45:51.606Z,2026-09-12T05:45:51.606Z
119,"""A Beautiful Mind"" movie screening under COPE",,,"Film Title: A Beautiful Mind
Film Director: Ron Howard
Date of screening: 20.03.2024
Place of screening: TPO conference hall
Number of students attended: 30

Objective of the event: The objective of screening this movie on World Happiness
Day was to provide relevant portrayals of characters struggling with mental
health difficulties, resilience, personal growth, and the pursuit of happiness.

Brief report: Youth Mental Health Club in association with the Aditya Birla
Foundation held a film screening of ""A Beautiful Mind"" in the TPO conference
hall on 20 March 2024. The movie was around 2 hours 15 minutes long. The movie
was inspired by the life of mathematician John Nash, this biographical drama
depicts his struggles with schizophrenia and his journey toward recovery and
academic success. It offers insights into the challenges of living with mental
illness and the power of perseverance. Students watched the movie and analyzed
various elements that they could see in the film. After the end of the film, a
discussion session was organised where students were asked to opine on what they
felt the relevant. The film screening and discussion ended with a vote of thanks
by the convenor Youth Mental Health Club Committee.

event_movie1 [upload/event_movie1.jpg]
event_movie2 [upload/event_movie2.jpg]
event_movie3 [upload/event_movie3.jpg]
event_movie4 [upload/event_movie4.jpg]",event,2026-09-12T05:45:51.607Z,2026-09-12T05:45:51.607Z